Date      , Rainfall_mm, Year, Month    , Day_of_Month, Day_of_Year, Week_of_Year, Is_Weekend, Cumulative_Monsoon_Rainfall_mm, Days_Since_Last_Rain
01-06-2015,         0  , 2015, June     ,            1,         152,           23,          0,                            0  ,                    1
02-06-2015,         0  , 2015, June     ,            2,         153,           23,          0,                            0  ,                    2
03-06-2015,         0  , 2015, June     ,            3,         154,           23,          0,                            0  ,                    3
04-06-2015,         0  , 2015, June     ,            4,         155,           23,          0,                            0  ,                    4
05-06-2015,         0  , 2015, June     ,            5,         156,           23,          0,                            0  ,                    5
06-06-2015,         0  , 2015, June     ,            6,         157,           23,          0,                            0  ,                    6
07-06-2015,         0  , 2015, June     ,            7,         158,           24,          1,                            0  ,                    7
08-06-2015,         0  , 2015, June     ,            8,         159,           24,          0,                            0  ,                    8
09-06-2015,         0  , 2015, June     ,            9,         160,           24,          0,                            0  ,                    9
10-06-2015,         0  , 2015, June     ,           10,         161,           24,          0,                            0  ,                   10
11-06-2015,         0  , 2015, June     ,           11,         162,           24,          0,                            0  ,                   11
12-06-2015,         0  , 2015, June     ,           12,         163,           24,          0,                            0  ,                   12
13-06-2015,         0  , 2015, June     ,           13,         164,           24,          0,                            0  ,                   13
14-06-2015,         0  , 2015, June     ,           14,         165,           25,          1,                            0  ,                   14
15-06-2015,         0  , 2015, June     ,           15,         166,           25,          0,                            0  ,                   15
16-06-2015,         0  , 2015, June     ,           16,         167,           25,          0,                            0  ,                   16
17-06-2015,         0  , 2015, June     ,           17,         168,           25,          0,                            0  ,                   17
18-06-2015,         0  , 2015, June     ,           18,         169,           25,          0,                            0  ,                   18
19-06-2015,         0  , 2015, June     ,           19,         170,           25,          0,                            0  ,                   19
20-06-2015,         0  , 2015, June     ,           20,         171,           25,          0,                            0  ,                   20
21-06-2015,         0  , 2015, June     ,           21,         172,           26,          1,                            0  ,                   21
22-06-2015,         0  , 2015, June     ,           22,         173,           26,          0,                            0  ,                   22
23-06-2015,         0  , 2015, June     ,           23,         174,           26,          0,                            0  ,                   23
24-06-2015,         0  , 2015, June     ,           24,         175,           26,          0,                            0  ,                   24
25-06-2015,         0  , 2015, June     ,           25,         176,           26,          0,                            0  ,                   25
26-06-2015,         0  , 2015, June     ,           26,         177,           26,          0,                            0  ,                   26
27-06-2015,         5.1, 2015, June     ,           27,         178,           26,          0,                            5.1,                    0
28-06-2015,        15.8, 2015, June     ,           28,         179,           27,          1,                           20.9,                    0
29-06-2015,         8.2, 2015, June     ,           29,         180,           27,          0,                           29.1,                    0
30-06-2015,         2.5, 2015, June     ,           30,         181,           27,          0,                           31.6,                    0
01-07-2015,         0  , 2015, July     ,            1,         182,           27,          0,                           31.6,                    1
02-07-2015,         0  , 2015, July     ,            2,         183,           27,          0,                           31.6,                    2
03-07-2015,         0  , 2015, July     ,            3,         184,           27,          0,                           31.6,                    3
04-07-2015,         0  , 2015, July     ,            4,         185,           27,          0,                           31.6,                    4
05-07-2015,         0  , 2015, July     ,            5,         186,           28,          1,                           31.6,                    5
06-07-2015,        12.3, 2015, July     ,            6,         187,           28,          0,                           43.9,                    0
07-07-2015,        25.6, 2015, July     ,            7,         188,           28,          0,                           69.5,                    0
08-07-2015,         5.9, 2015, July     ,            8,         189,           28,          0,                           75.4,                    0
09-07-2015,         0  , 2015, July     ,            9,         190,           28,          0,                           75.4,                    1
10-07-2015,         0  , 2015, July     ,           10,         191,           28,          0,                           75.4,                    2
11-07-2015,         0  , 2015, July     ,           11,         192,           28,          0,                           75.4,                    3
12-07-2015,         0  , 2015, July     ,           12,         193,           29,          1,                           75.4,                    4
13-07-2015,        18.7, 2015, July     ,           13,         194,           29,          0,                           94.1,                    0
14-07-2015,         3.1, 2015, July     ,           14,         195,           29,          0,                           97.2,                    0
15-07-2015,         0  , 2015, July     ,           15,         196,           29,          0,                           97.2,                    1
16-07-2015,         0  , 2015, July     ,           16,         197,           29,          0,                           97.2,                    2
17-07-2015,         0  , 2015, July     ,           17,         198,           29,          0,                           97.2,                    3
18-07-2015,         0  , 2015, July     ,           18,         199,           29,          0,                           97.2,                    4
19-07-2015,         0  , 2015, July     ,           19,         200,           30,          1,                           97.2,                    5
20-07-2015,         0  , 2015, July     ,           20,         201,           30,          0,                           97.2,                    6
21-07-2015,         0  , 2015, July     ,           21,         202,           30,          0,                           97.2,                    7
22-07-2015,         0  , 2015, July     ,           22,         203,           30,          0,                           97.2,                    8
23-07-2015,         0  , 2015, July     ,           23,         204,           30,          0,                           97.2,                    9
24-07-2015,         0  , 2015, July     ,           24,         205,           30,          0,                           97.2,                   10
25-07-2015,         0  , 2015, July     ,           25,         206,           30,          0,                           97.2,                   11
26-07-2015,         0  , 2015, July     ,           26,         207,           31,          1,                           97.2,                   12
27-07-2015,         0  , 2015, July     ,           27,         208,           31,          0,                           97.2,                   13
28-07-2015,         0  , 2015, July     ,           28,         209,           31,          0,                           97.2,                   14
29-07-2015,         0  , 2015, July     ,           29,         210,           31,          0,                           97.2,                   15
30-07-2015,         0  , 2015, July     ,           30,         211,           31,          0,                           97.2,                   16
31-07-2015,         0  , 2015, July     ,           31,         212,           31,          0,                           97.2,                   17
01-08-2015,        15.5, 2015, August   ,            1,         213,           31,          0,                          112.7,                    0
02-08-2015,         2.8, 2015, August   ,            2,         214,           32,          1,                          115.5,                    0
03-08-2015,         0  , 2015, August   ,            3,         215,           32,          0,                          115.5,                    1
04-08-2015,         0  , 2015, August   ,            4,         216,           32,          0,                          115.5,                    2
05-08-2015,         0  , 2015, August   ,            5,         217,           32,          0,                          115.5,                    3
06-08-2015,         0  , 2015, August   ,            6,         218,           32,          0,                          115.5,                    4
07-08-2015,         0  , 2015, August   ,            7,         219,           32,          0,                          115.5,                    5
08-08-2015,         0  , 2015, August   ,            8,         220,           32,          0,                          115.5,                    6
09-08-2015,         0  , 2015, August   ,            9,         221,           33,          1,                          115.5,                    7
10-08-2015,         0  , 2015, August   ,           10,         222,           33,          0,                          115.5,                    8
11-08-2015,         0  , 2015, August   ,           11,         223,           33,          0,                          115.5,                    9
12-08-2015,         0  , 2015, August   ,           12,         224,           33,          0,                          115.5,                   10
13-08-2015,         0  , 2015, August   ,           13,         225,           33,          0,                          115.5,                   11
14-08-2015,         0  , 2015, August   ,           14,         226,           33,          0,                          115.5,                   12
15-08-2015,         0  , 2015, August   ,           15,         227,           33,          0,                          115.5,                   13
16-08-2015,         0  , 2015, August   ,           16,         228,           34,          1,                          115.5,                   14
17-08-2015,         0  , 2015, August   ,           17,         229,           34,          0,                          115.5,                   15
18-08-2015,         0  , 2015, August   ,           18,         230,           34,          0,                          115.5,                   16
19-08-2015,         0  , 2015, August   ,           19,         231,           34,          0,                          115.5,                   17
20-08-2015,         0  , 2015, August   ,           20,         232,           34,          0,                          115.5,                   18
21-08-2015,         0  , 2015, August   ,           21,         233,           34,          0,                          115.5,                   19
22-08-2015,         0  , 2015, August   ,           22,         234,           34,          0,                          115.5,                   20
23-08-2015,         0  , 2015, August   ,           23,         235,           35,          1,                          115.5,                   21
24-08-2015,         0  , 2015, August   ,           24,         236,           35,          0,                          115.5,                   22
25-08-2015,         0  , 2015, August   ,           25,         237,           35,          0,                          115.5,                   23
26-08-2015,         0  , 2015, August   ,           26,         238,           35,          0,                          115.5,                   24
27-08-2015,         0  , 2015, August   ,           27,         239,           35,          0,                          115.5,                   25
28-08-2015,         0  , 2015, August   ,           28,         240,           35,          0,                          115.5,                   26
29-08-2015,         0  , 2015, August   ,           29,         241,           35,          0,                          115.5,                   27
30-08-2015,         0  , 2015, August   ,           30,         242,           36,          1,                          115.5,                   28
31-08-2015,         0  , 2015, August   ,           31,         243,           36,          0,                          115.5,                   29
01-09-2015,        15.7, 2015, September,            1,         244,           36,          0,                          131.2,                    0
02-09-2015,        30.1, 2015, September,            2,         245,           36,          0,                          161.3,                    0
03-09-2015,         6.2, 2015, September,            3,         246,           36,          0,                          167.5,                    0
04-09-2015,         0  , 2015, September,            4,         247,           36,          0,                          167.5,                    1
05-09-2015,         0  , 2015, September,            5,         248,           36,          0,                          167.5,                    2
06-09-2015,         0  , 2015, September,            6,         249,           37,          1,                          167.5,                    3
07-09-2015,         0  , 2015, September,            7,         250,           37,          0,                          167.5,                    4
08-09-2015,         0  , 2015, September,            8,         251,           37,          0,                          167.5,                    5
09-09-2015,         0  , 2015, September,            9,         252,           37,          0,                          167.5,                    6
10-09-2015,         0  , 2015, September,           10,         253,           37,          0,                          167.5,                    7
11-09-2015,         0  , 2015, September,           11,         254,           37,          0,                          167.5,                    8
12-09-2015,         0  , 2015, September,           12,         255,           37,          0,                          167.5,                    9
13-09-2015,         0  , 2015, September,           13,         256,           38,          1,                          167.5,                   10
14-09-2015,         0  , 2015, September,           14,         257,           38,          0,                          167.5,                   11
15-09-2015,         0  , 2015, September,           15,         258,           38,          0,                          167.5,                   12
16-09-2015,         0  , 2015, September,           16,         259,           38,          0,                          167.5,                   13
17-09-2015,         0  , 2015, September,           17,         260,           38,          0,                          167.5,                   14
18-09-2015,         0  , 2015, September,           18,         261,           38,          0,                          167.5,                   15
19-09-2015,         0  , 2015, September,           19,         262,           38,          0,                          167.5,                   16
20-09-2015,         0  , 2015, September,           20,         263,           39,          1,                          167.5,                   17
21-09-2015,         0  , 2015, September,           21,         264,           39,          0,                          167.5,                   18
22-09-2015,         0  , 2015, September,           22,         265,           39,          0,                          167.5,                   19
23-09-2015,         0  , 2015, September,           23,         266,           39,          0,                          167.5,                   20
24-09-2015,         0  , 2015, September,           24,         267,           39,          0,                          167.5,                   21
25-09-2015,         0  , 2015, September,           25,         268,           39,          0,                          167.5,                   22
26-09-2015,         0  , 2015, September,           26,         269,           39,          0,                          167.5,                   23
27-09-2015,         0  , 2015, September,           27,         270,           40,          1,                          167.5,                   24
28-09-2015,         0  , 2015, September,           28,         271,           40,          0,                          167.5,                   25
29-09-2015,         0  , 2015, September,           29,         272,           40,          0,                          167.5,                   26
30-09-2015,         0  , 2015, September,           30,         273,           40,          0,                          167.5,                   27
01-06-2016,         0  , 2016, June     ,            1,         153,           22,          0,                            0  ,                    1
02-06-2016,         0  , 2016, June     ,            2,         154,           22,          0,                            0  ,                    2
03-06-2016,         0  , 2016, June     ,            3,         155,           22,          0,                            0  ,                    3
04-06-2016,         0  , 2016, June     ,            4,         156,           22,          0,                            0  ,                    4
05-06-2016,         0  , 2016, June     ,            5,         157,           23,          1,                            0  ,                    5
06-06-2016,         0  , 2016, June     ,            6,         158,           23,          0,                            0  ,                    6
07-06-2016,         0  , 2016, June     ,            7,         159,           23,          0,                            0  ,                    7
08-06-2016,         0  , 2016, June     ,            8,         160,           23,          0,                            0  ,                    8
09-06-2016,         0  , 2016, June     ,            9,         161,           23,          0,                            0  ,                    9
10-06-2016,         0  , 2016, June     ,           10,         162,           23,          0,                            0  ,                   10
11-06-2016,         0  , 2016, June     ,           11,         163,           23,          0,                            0  ,                   11
12-06-2016,         0  , 2016, June     ,           12,         164,           24,          1,                            0  ,                   12
13-06-2016,         0  , 2016, June     ,           13,         165,           24,          0,                            0  ,                   13
14-06-2016,         0  , 2016, June     ,           14,         166,           24,          0,                            0  ,                   14
15-06-2016,         0  , 2016, June     ,           15,         167,           24,          0,                            0  ,                   15
16-06-2016,         0  , 2016, June     ,           16,         168,           24,          0,                            0  ,                   16
17-06-2016,         0  , 2016, June     ,           17,         169,           24,          0,                            0  ,                   17
18-06-2016,         0  , 2016, June     ,           18,         170,           24,          0,                            0  ,                   18
19-06-2016,         0  , 2016, June     ,           19,         171,           25,          1,                            0  ,                   19
20-06-2016,         0  , 2016, June     ,           20,         172,           25,          0,                            0  ,                   20
21-06-2016,         0  , 2016, June     ,           21,         173,           25,          0,                            0  ,                   21
22-06-2016,         0  , 2016, June     ,           22,         174,           25,          0,                            0  ,                   22
23-06-2016,         0  , 2016, June     ,           23,         175,           25,          0,                            0  ,                   23
24-06-2016,         0  , 2016, June     ,           24,         176,           25,          0,                            0  ,                   24
25-06-2016,         0  , 2016, June     ,           25,         177,           25,          0,                            0  ,                   25
26-06-2016,         0  , 2016, June     ,           26,         178,           26,          1,                            0  ,                   26
27-06-2016,         8.2, 2016, June     ,           27,         179,           26,          0,                            8.2,                    0
28-06-2016,        18.7, 2016, June     ,           28,         180,           26,          0,                           26.9,                    0
29-06-2016,         3.1, 2016, June     ,           29,         181,           26,          0,                           30  ,                    0
30-06-2016,         0  , 2016, June     ,           30,         182,           26,          0,                           30  ,                    1
01-07-2016,         0  , 2016, July     ,            1,         183,           26,          0,                           30  ,                    2
02-07-2016,         0  , 2016, July     ,            2,         184,           26,          0,                           30  ,                    3
03-07-2016,         0  , 2016, July     ,            3,         185,           27,          1,                           30  ,                    4
04-07-2016,         0  , 2016, July     ,            4,         186,           27,          0,                           30  ,                    5
05-07-2016,         0  , 2016, July     ,            5,         187,           27,          0,                           30  ,                    6
06-07-2016,        10.5, 2016, July     ,            6,         188,           27,          0,                           40.5,                    0
07-07-2016,        22.3, 2016, July     ,            7,         189,           27,          0,                           62.8,                    0
08-07-2016,         8.9, 2016, July     ,            8,         190,           27,          0,                           71.7,                    0
09-07-2016,         0  , 2016, July     ,            9,         191,           27,          0,                           71.7,                    1
10-07-2016,         0  , 2016, July     ,           10,         192,           28,          1,                           71.7,                    2
11-07-2016,         0  , 2016, July     ,           11,         193,           28,          0,                           71.7,                    3
12-07-2016,         1.2, 2016, July     ,           12,         194,           28,          0,                           72.9,                    0
13-07-2016,         0  , 2016, July     ,           13,         195,           28,          0,                           72.9,                    1
14-07-2016,         0  , 2016, July     ,           14,         196,           28,          0,                           72.9,                    2
15-07-2016,         0  , 2016, July     ,           15,         197,           28,          0,                           72.9,                    3
16-07-2016,         0  , 2016, July     ,           16,         198,           28,          0,                           72.9,                    4
17-07-2016,         0  , 2016, July     ,           17,         199,           29,          1,                           72.9,                    5
18-07-2016,        15.6, 2016, July     ,           18,         200,           29,          0,                           88.5,                    0
19-07-2016,        35.8, 2016, July     ,           19,         201,           29,          0,                          124.3,                    0
20-07-2016,        10.2, 2016, July     ,           20,         202,           29,          0,                          134.5,                    0
21-07-2016,         0  , 2016, July     ,           21,         203,           29,          0,                          134.5,                    1
22-07-2016,         0  , 2016, July     ,           22,         204,           29,          0,                          134.5,                    2
23-07-2016,         0  , 2016, July     ,           23,         205,           29,          0,                          134.5,                    3
24-07-2016,         0  , 2016, July     ,           24,         206,           30,          1,                          134.5,                    4
25-07-2016,         0  , 2016, July     ,           25,         207,           30,          0,                          134.5,                    5
26-07-2016,         0  , 2016, July     ,           26,         208,           30,          0,                          134.5,                    6
27-07-2016,         0  , 2016, July     ,           27,         209,           30,          0,                          134.5,                    7
28-07-2016,         0  , 2016, July     ,           28,         210,           30,          0,                          134.5,                    8
29-07-2016,         0  , 2016, July     ,           29,         211,           30,          0,                          134.5,                    9
30-07-2016,         0  , 2016, July     ,           30,         212,           30,          0,                          134.5,                   10
31-07-2016,         0  , 2016, July     ,           31,         213,           31,          1,                          134.5,                   11
01-08-2016,        15.2, 2016, August   ,            1,         214,           31,          0,                          149.7,                    0
02-08-2016,        30.5, 2016, August   ,            2,         215,           31,          0,                          180.2,                    0
03-08-2016,         8.7, 2016, August   ,            3,         216,           31,          0,                          188.9,                    0
04-08-2016,         0  , 2016, August   ,            4,         217,           31,          0,                          188.9,                    1
05-08-2016,         0  , 2016, August   ,            5,         218,           31,          0,                          188.9,                    2
06-08-2016,         0  , 2016, August   ,            6,         219,           31,          0,                          188.9,                    3
07-08-2016,         0  , 2016, August   ,            7,         220,           32,          1,                          188.9,                    4
08-08-2016,         0  , 2016, August   ,            8,         221,           32,          0,                          188.9,                    5
09-08-2016,         0  , 2016, August   ,            9,         222,           32,          0,                          188.9,                    6
10-08-2016,         0  , 2016, August   ,           10,         223,           32,          0,                          188.9,                    7
11-08-2016,         0  , 2016, August   ,           11,         224,           32,          0,                          188.9,                    8
12-08-2016,         0  , 2016, August   ,           12,         225,           32,          0,                          188.9,                    9
13-08-2016,         0  , 2016, August   ,           13,         226,           32,          0,                          188.9,                   10
14-08-2016,         0  , 2016, August   ,           14,         227,           33,          1,                          188.9,                   11
15-08-2016,         0  , 2016, August   ,           15,         228,           33,          0,                          188.9,                   12
16-08-2016,         0  , 2016, August   ,           16,         229,           33,          0,                          188.9,                   13
17-08-2016,         0  , 2016, August   ,           17,         230,           33,          0,                          188.9,                   14
18-08-2016,         0  , 2016, August   ,           18,         231,           33,          0,                          188.9,                   15
19-08-2016,         0  , 2016, August   ,           19,         232,           33,          0,                          188.9,                   16
20-08-2016,         0  , 2016, August   ,           20,         233,           33,          0,                          188.9,                   17
21-08-2016,         0  , 2016, August   ,           21,         234,           34,          1,                          188.9,                   18
22-08-2016,         0  , 2016, August   ,           22,         235,           34,          0,                          188.9,                   19
23-08-2016,         0  , 2016, August   ,           23,         236,           34,          0,                          188.9,                   20
24-08-2016,         0  , 2016, August   ,           24,         237,           34,          0,                          188.9,                   21
25-08-2016,         0  , 2016, August   ,           25,         238,           34,          0,                          188.9,                   22
26-08-2016,         0  , 2016, August   ,           26,         239,           34,          0,                          188.9,                   23
27-08-2016,         0  , 2016, August   ,           27,         240,           34,          0,                          188.9,                   24
28-08-2016,         0  , 2016, August   ,           28,         241,           35,          1,                          188.9,                   25
29-08-2016,         0  , 2016, August   ,           29,         242,           35,          0,                          188.9,                   26
30-08-2016,         0  , 2016, August   ,           30,         243,           35,          0,                          188.9,                   27
31-08-2016,         0  , 2016, August   ,           31,         244,           35,          0,                          188.9,                   28
01-09-2016,        10.1, 2016, September,            1,         245,           35,          0,                          199  ,                    0
02-09-2016,        25.4, 2016, September,            2,         246,           35,          0,                          224.4,                    0
03-09-2016,         5.2, 2016, September,            3,         247,           35,          0,                          229.6,                    0
04-09-2016,         0  , 2016, September,            4,         248,           36,          1,                          229.6,                    1
05-09-2016,         0  , 2016, September,            5,         249,           36,          0,                          229.6,                    2
06-09-2016,         0  , 2016, September,            6,         250,           36,          0,                          229.6,                    3
07-09-2016,         0  , 2016, September,            7,         251,           36,          0,                          229.6,                    4
08-09-2016,         0  , 2016, September,            8,         252,           36,          0,                          229.6,                    5
09-09-2016,         0  , 2016, September,            9,         253,           36,          0,                          229.6,                    6
10-09-2016,         0  , 2016, September,           10,         254,           36,          0,                          229.6,                    7
11-09-2016,         0  , 2016, September,           11,         255,           37,          1,                          229.6,                    8
12-09-2016,         0  , 2016, September,           12,         256,           37,          0,                          229.6,                    9
13-09-2016,         0  , 2016, September,           13,         257,           37,          0,                          229.6,                   10
14-09-2016,         0  , 2016, September,           14,         258,           37,          0,                          229.6,                   11
15-09-2016,         0  , 2016, September,           15,         259,           37,          0,                          229.6,                   12
16-09-2016,         0  , 2016, September,           16,         260,           37,          0,                          229.6,                   13
17-09-2016,         0  , 2016, September,           17,         261,           37,          0,                          229.6,                   14
18-09-2016,         0  , 2016, September,           18,         262,           38,          1,                          229.6,                   15
19-09-2016,         0  , 2016, September,           19,         263,           38,          0,                          229.6,                   16
20-09-2016,         0  , 2016, September,           20,         264,           38,          0,                          229.6,                   17
21-09-2016,         0  , 2016, September,           21,         265,           38,          0,                          229.6,                   18
22-09-2016,         0  , 2016, September,           22,         266,           38,          0,                          229.6,                   19
23-09-2016,         0  , 2016, September,           23,         267,           38,          0,                          229.6,                   20
24-09-2016,         0  , 2016, September,           24,         268,           38,          0,                          229.6,                   21
25-09-2016,         0  , 2016, September,           25,         269,           39,          1,                          229.6,                   22
26-09-2016,         0  , 2016, September,           26,         270,           39,          0,                          229.6,                   23
27-09-2016,         0  , 2016, September,           27,         271,           39,          0,                          229.6,                   24
28-09-2016,         0  , 2016, September,           28,         272,           39,          0,                          229.6,                   25
29-09-2016,         0  , 2016, September,           29,         273,           39,          0,                          229.6,                   26
30-09-2016,         0  , 2016, September,           30,         274,           39,          0,                          229.6,                   27
01-06-2017,         0  , 2017, June     ,            1,         152,           22,          0,                            0  ,                    1
02-06-2017,         0  , 2017, June     ,            2,         153,           22,          0,                            0  ,                    2
03-06-2017,         0  , 2017, June     ,            3,         154,           22,          0,                            0  ,                    3
04-06-2017,         0  , 2017, June     ,            4,         155,           23,          1,                            0  ,                    4
05-06-2017,         0  , 2017, June     ,            5,         156,           23,          0,                            0  ,                    5
06-06-2017,         0  , 2017, June     ,            6,         157,           23,          0,                            0  ,                    6
07-06-2017,         0  , 2017, June     ,            7,         158,           23,          0,                            0  ,                    7
08-06-2017,         0  , 2017, June     ,            8,         159,           23,          0,                            0  ,                    8
09-06-2017,         0  , 2017, June     ,            9,         160,           23,          0,                            0  ,                    9
10-06-2017,         0  , 2017, June     ,           10,         161,           23,          0,                            0  ,                   10
11-06-2017,         0  , 2017, June     ,           11,         162,           24,          1,                            0  ,                   11
12-06-2017,         0  , 2017, June     ,           12,         163,           24,          0,                            0  ,                   12
13-06-2017,         0  , 2017, June     ,           13,         164,           24,          0,                            0  ,                   13
14-06-2017,         0  , 2017, June     ,           14,         165,           24,          0,                            0  ,                   14
15-06-2017,         0  , 2017, June     ,           15,         166,           24,          0,                            0  ,                   15
16-06-2017,         0  , 2017, June     ,           16,         167,           24,          0,                            0  ,                   16
17-06-2017,         0  , 2017, June     ,           17,         168,           24,          0,                            0  ,                   17
18-06-2017,         0  , 2017, June     ,           18,         169,           25,          1,                            0  ,                   18
19-06-2017,         0  , 2017, June     ,           19,         170,           25,          0,                            0  ,                   19
20-06-2017,         0  , 2017, June     ,           20,         171,           25,          0,                            0  ,                   20
21-06-2017,         0  , 2017, June     ,           21,         172,           25,          0,                            0  ,                   21
22-06-2017,         0  , 2017, June     ,           22,         173,           25,          0,                            0  ,                   22
23-06-2017,         0  , 2017, June     ,           23,         174,           25,          0,                            0  ,                   23
24-06-2017,         0  , 2017, June     ,           24,         175,           25,          0,                            0  ,                   24
25-06-2017,         0  , 2017, June     ,           25,         176,           26,          1,                            0  ,                   25
26-06-2017,        10.5, 2017, June     ,           26,         177,           26,          0,                           10.5,                    0
27-06-2017,        25.2, 2017, June     ,           27,         178,           26,          0,                           35.7,                    0
28-06-2017,         8.1, 2017, June     ,           28,         179,           26,          0,                           43.8,                    0
29-06-2017,         0  , 2017, June     ,           29,         180,           26,          0,                           43.8,                    1
30-06-2017,         0  , 2017, June     ,           30,         181,           26,          0,                           43.8,                    2
01-07-2017,         0  , 2017, July     ,            1,         182,           26,          0,                           43.8,                    3
02-07-2017,         0  , 2017, July     ,            2,         183,           27,          1,                           43.8,                    4
03-07-2017,        18.9, 2017, July     ,            3,         184,           27,          0,                           62.7,                    0
04-07-2017,        45.3, 2017, July     ,            4,         185,           27,          0,                          108  ,                    0
05-07-2017,        10.1, 2017, July     ,            5,         186,           27,          0,                          118.1,                    0
06-07-2017,         0  , 2017, July     ,            6,         187,           27,          0,                          118.1,                    1
07-07-2017,         0  , 2017, July     ,            7,         188,           27,          0,                          118.1,                    2
08-07-2017,         0  , 2017, July     ,            8,         189,           27,          0,                          118.1,                    3
09-07-2017,         0  , 2017, July     ,            9,         190,           28,          1,                          118.1,                    4
10-07-2017,         0  , 2017, July     ,           10,         191,           28,          0,                          118.1,                    5
11-07-2017,         0  , 2017, July     ,           11,         192,           28,          0,                          118.1,                    6
12-07-2017,         0  , 2017, July     ,           12,         193,           28,          0,                          118.1,                    7
13-07-2017,         0  , 2017, July     ,           13,         194,           28,          0,                          118.1,                    8
14-07-2017,         0  , 2017, July     ,           14,         195,           28,          0,                          118.1,                    9
15-07-2017,         0  , 2017, July     ,           15,         196,           28,          0,                          118.1,                   10
16-07-2017,         0  , 2017, July     ,           16,         197,           29,          1,                          118.1,                   11
17-07-2017,         0  , 2017, July     ,           17,         198,           29,          0,                          118.1,                   12
18-07-2017,         0  , 2017, July     ,           18,         199,           29,          0,                          118.1,                   13
19-07-2017,         0  , 2017, July     ,           19,         200,           29,          0,                          118.1,                   14
20-07-2017,         0  , 2017, July     ,           20,         201,           29,          0,                          118.1,                   15
21-07-2017,         0  , 2017, July     ,           21,         202,           29,          0,                          118.1,                   16
22-07-2017,         0  , 2017, July     ,           22,         203,           29,          0,                          118.1,                   17
23-07-2017,         0  , 2017, July     ,           23,         204,           30,          1,                          118.1,                   18
24-07-2017,         0  , 2017, July     ,           24,         205,           30,          0,                          118.1,                   19
25-07-2017,         0  , 2017, July     ,           25,         206,           30,          0,                          118.1,                   20
26-07-2017,         0  , 2017, July     ,           26,         207,           30,          0,                          118.1,                   21
27-07-2017,         0  , 2017, July     ,           27,         208,           30,          0,                          118.1,                   22
28-07-2017,         0  , 2017, July     ,           28,         209,           30,          0,                          118.1,                   23
29-07-2017,         0  , 2017, July     ,           29,         210,           30,          0,                          118.1,                   24
30-07-2017,         0  , 2017, July     ,           30,         211,           31,          1,                          118.1,                   25
31-07-2017,         0  , 2017, July     ,           31,         212,           31,          0,                          118.1,                   26
01-08-2017,        25.8, 2017, August   ,            1,         213,           31,          0,                          143.9,                    0
02-08-2017,        55.1, 2017, August   ,            2,         214,           31,          0,                          199  ,                    0
03-08-2017,        12.3, 2017, August   ,            3,         215,           31,          0,                          211.3,                    0
04-08-2017,         0  , 2017, August   ,            4,         216,           31,          0,                          211.3,                    1
05-08-2017,         0  , 2017, August   ,            5,         217,           31,          0,                          211.3,                    2
06-08-2017,         0  , 2017, August   ,            6,         218,           32,          1,                          211.3,                    3
07-08-2017,         0  , 2017, August   ,            7,         219,           32,          0,                          211.3,                    4
08-08-2017,         0  , 2017, August   ,            8,         220,           32,          0,                          211.3,                    5
09-08-2017,         0  , 2017, August   ,            9,         221,           32,          0,                          211.3,                    6
10-08-2017,         0  , 2017, August   ,           10,         222,           32,          0,                          211.3,                    7
11-08-2017,         0  , 2017, August   ,           11,         223,           32,          0,                          211.3,                    8
12-08-2017,         0  , 2017, August   ,           12,         224,           32,          0,                          211.3,                    9
13-08-2017,         0  , 2017, August   ,           13,         225,           33,          1,                          211.3,                   10
14-08-2017,         0  , 2017, August   ,           14,         226,           33,          0,                          211.3,                   11
15-08-2017,         0  , 2017, August   ,           15,         227,           33,          0,                          211.3,                   12
16-08-2017,         0  , 2017, August   ,           16,         228,           33,          0,                          211.3,                   13
17-08-2017,         0  , 2017, August   ,           17,         229,           33,          0,                          211.3,                   14
18-08-2017,         0  , 2017, August   ,           18,         230,           33,          0,                          211.3,                   15
19-08-2017,         0  , 2017, August   ,           19,         231,           33,          0,                          211.3,                   16
20-08-2017,         0  , 2017, August   ,           20,         232,           34,          1,                          211.3,                   17
21-08-2017,         0  , 2017, August   ,           21,         233,           34,          0,                          211.3,                   18
22-08-2017,         0  , 2017, August   ,           22,         234,           34,          0,                          211.3,                   19
23-08-2017,         0  , 2017, August   ,           23,         235,           34,          0,                          211.3,                   20
24-08-2017,         0  , 2017, August   ,           24,         236,           34,          0,                          211.3,                   21
25-08-2017,         0  , 2017, August   ,           25,         237,           34,          0,                          211.3,                   22
26-08-2017,         0  , 2017, August   ,           26,         238,           34,          0,                          211.3,                   23
27-08-2017,         0  , 2017, August   ,           27,         239,           35,          1,                          211.3,                   24
28-08-2017,         0  , 2017, August   ,           28,         240,           35,          0,                          211.3,                   25
29-08-2017,         0  , 2017, August   ,           29,         241,           35,          0,                          211.3,                   26
30-08-2017,         0  , 2017, August   ,           30,         242,           35,          0,                          211.3,                   27
31-08-2017,         0  , 2017, August   ,           31,         243,           35,          0,                          211.3,                   28
01-09-2017,        35.7, 2017, September,            1,         244,           35,          0,                          247  ,                    0
02-09-2017,        75.2, 2017, September,            2,         245,           35,          0,                          322.2,                    0
03-09-2017,        18.9, 2017, September,            3,         246,           36,          1,                          341.1,                    0
04-09-2017,         0  , 2017, September,            4,         247,           36,          0,                          341.1,                    1
05-09-2017,         0  , 2017, September,            5,         248,           36,          0,                          341.1,                    2
06-09-2017,         0  , 2017, September,            6,         249,           36,          0,                          341.1,                    3
07-09-2017,         0  , 2017, September,            7,         250,           36,          0,                          341.1,                    4
08-09-2017,         0  , 2017, September,            8,         251,           36,          0,                          341.1,                    5
09-09-2017,         0  , 2017, September,            9,         252,           36,          0,                          341.1,                    6
10-09-2017,         0  , 2017, September,           10,         253,           37,          1,                          341.1,                    7
11-09-2017,         0  , 2017, September,           11,         254,           37,          0,                          341.1,                    8
12-09-2017,         0  , 2017, September,           12,         255,           37,          0,                          341.1,                    9
13-09-2017,         0  , 2017, September,           13,         256,           37,          0,                          341.1,                   10
14-09-2017,         0  , 2017, September,           14,         257,           37,          0,                          341.1,                   11
15-09-2017,         0  , 2017, September,           15,         258,           37,          0,                          341.1,                   12
16-09-2017,         0  , 2017, September,           16,         259,           37,          0,                          341.1,                   13
17-09-2017,         0  , 2017, September,           17,         260,           38,          1,                          341.1,                   14
18-09-2017,         0  , 2017, September,           18,         261,           38,          0,                          341.1,                   15
19-09-2017,         0  , 2017, September,           19,         262,           38,          0,                          341.1,                   16
20-09-2017,         0  , 2017, September,           20,         263,           38,          0,                          341.1,                   17
21-09-2017,         0  , 2017, September,           21,         264,           38,          0,                          341.1,                   18
22-09-2017,         0  , 2017, September,           22,         265,           38,          0,                          341.1,                   19
23-09-2017,         0  , 2017, September,           23,         266,           38,          0,                          341.1,                   20
24-09-2017,         0  , 2017, September,           24,         267,           39,          1,                          341.1,                   21
25-09-2017,         0  , 2017, September,           25,         268,           39,          0,                          341.1,                   22
26-09-2017,         0  , 2017, September,           26,         269,           39,          0,                          341.1,                   23
27-09-2017,         0  , 2017, September,           27,         270,           39,          0,                          341.1,                   24
28-09-2017,         0  , 2017, September,           28,         271,           39,          0,                          341.1,                   25
29-09-2017,         0  , 2017, September,           29,         272,           39,          0,                          341.1,                   26
30-09-2017,         0  , 2017, September,           30,         273,           39,          0,                          341.1,                   27
01-06-2018,         0  , 2018, June     ,            1,         152,           22,          0,                            0  ,                    1
02-06-2018,         0  , 2018, June     ,            2,         153,           22,          0,                            0  ,                    2
03-06-2018,         0  , 2018, June     ,            3,         154,           23,          1,                            0  ,                    3
04-06-2018,         0  , 2018, June     ,            4,         155,           23,          0,                            0  ,                    4
05-06-2018,         0  , 2018, June     ,            5,         156,           23,          0,                            0  ,                    5
06-06-2018,         0  , 2018, June     ,            6,         157,           23,          0,                            0  ,                    6
07-06-2018,         0  , 2018, June     ,            7,         158,           23,          0,                            0  ,                    7
08-06-2018,         0  , 2018, June     ,            8,         159,           23,          0,                            0  ,                    8
09-06-2018,         0  , 2018, June     ,            9,         160,           23,          0,                            0  ,                    9
10-06-2018,         0  , 2018, June     ,           10,         161,           24,          1,                            0  ,                   10
11-06-2018,         0  , 2018, June     ,           11,         162,           24,          0,                            0  ,                   11
12-06-2018,         0  , 2018, June     ,           12,         163,           24,          0,                            0  ,                   12
13-06-2018,         0  , 2018, June     ,           13,         164,           24,          0,                            0  ,                   13
14-06-2018,         0  , 2018, June     ,           14,         165,           24,          0,                            0  ,                   14
15-06-2018,         0  , 2018, June     ,           15,         166,           24,          0,                            0  ,                   15
16-06-2018,         0  , 2018, June     ,           16,         167,           24,          0,                            0  ,                   16
17-06-2018,         0  , 2018, June     ,           17,         168,           25,          1,                            0  ,                   17
18-06-2018,         0  , 2018, June     ,           18,         169,           25,          0,                            0  ,                   18
19-06-2018,         0  , 2018, June     ,           19,         170,           25,          0,                            0  ,                   19
20-06-2018,         0  , 2018, June     ,           20,         171,           25,          0,                            0  ,                   20
21-06-2018,         0  , 2018, June     ,           21,         172,           25,          0,                            0  ,                   21
22-06-2018,         0  , 2018, June     ,           22,         173,           25,          0,                            0  ,                   22
23-06-2018,         0  , 2018, June     ,           23,         174,           25,          0,                            0  ,                   23
24-06-2018,         0  , 2018, June     ,           24,         175,           26,          1,                            0  ,                   24
25-06-2018,        15.1, 2018, June     ,           25,         176,           26,          0,                           15.1,                    0
26-06-2018,        30.5, 2018, June     ,           26,         177,           26,          0,                           45.6,                    0
27-06-2018,        10.2, 2018, June     ,           27,         178,           26,          0,                           55.8,                    0
28-06-2018,         0  , 2018, June     ,           28,         179,           26,          0,                           55.8,                    1
29-06-2018,         0  , 2018, June     ,           29,         180,           26,          0,                           55.8,                    2
30-06-2018,         0  , 2018, June     ,           30,         181,           26,          0,                           55.8,                    3
01-07-2018,         0  , 2018, July     ,            1,         182,           27,          1,                           55.8,                    4
02-07-2018,        25.8, 2018, July     ,            2,         183,           27,          0,                           81.6,                    0
03-07-2018,        55.2, 2018, July     ,            3,         184,           27,          0,                          136.8,                    0
04-07-2018,        15.9, 2018, July     ,            4,         185,           27,          0,                          152.7,                    0
05-07-2018,         0  , 2018, July     ,            5,         186,           27,          0,                          152.7,                    1
06-07-2018,         0  , 2018, July     ,            6,         187,           27,          0,                          152.7,                    2
07-07-2018,         0  , 2018, July     ,            7,         188,           27,          0,                          152.7,                    3
08-07-2018,         0  , 2018, July     ,            8,         189,           28,          1,                          152.7,                    4
09-07-2018,         0  , 2018, July     ,            9,         190,           28,          0,                          152.7,                    5
10-07-2018,         0  , 2018, July     ,           10,         191,           28,          0,                          152.7,                    6
11-07-2018,         0  , 2018, July     ,           11,         192,           28,          0,                          152.7,                    7
12-07-2018,         0  , 2018, July     ,           12,         193,           28,          0,                          152.7,                    8
13-07-2018,         0  , 2018, July     ,           13,         194,           28,          0,                          152.7,                    9
14-07-2018,         0  , 2018, July     ,           14,         195,           28,          0,                          152.7,                   10
15-07-2018,         0  , 2018, July     ,           15,         196,           29,          1,                          152.7,                   11
16-07-2018,         0  , 2018, July     ,           16,         197,           29,          0,                          152.7,                   12
17-07-2018,         0  , 2018, July     ,           17,         198,           29,          0,                          152.7,                   13
18-07-2018,         0  , 2018, July     ,           18,         199,           29,          0,                          152.7,                   14
19-07-2018,         0  , 2018, July     ,           19,         200,           29,          0,                          152.7,                   15
20-07-2018,         0  , 2018, July     ,           20,         201,           29,          0,                          152.7,                   16
21-07-2018,         0  , 2018, July     ,           21,         202,           29,          0,                          152.7,                   17
22-07-2018,         0  , 2018, July     ,           22,         203,           30,          1,                          152.7,                   18
23-07-2018,         0  , 2018, July     ,           23,         204,           30,          0,                          152.7,                   19
24-07-2018,         0  , 2018, July     ,           24,         205,           30,          0,                          152.7,                   20
25-07-2018,         0  , 2018, July     ,           25,         206,           30,          0,                          152.7,                   21
26-07-2018,         0  , 2018, July     ,           26,         207,           30,          0,                          152.7,                   22
27-07-2018,         0  , 2018, July     ,           27,         208,           30,          0,                          152.7,                   23
28-07-2018,         0  , 2018, July     ,           28,         209,           30,          0,                          152.7,                   24
29-07-2018,         0  , 2018, July     ,           29,         210,           31,          1,                          152.7,                   25
30-07-2018,         0  , 2018, July     ,           30,         211,           31,          0,                          152.7,                   26
31-07-2018,         0  , 2018, July     ,           31,         212,           31,          0,                          152.7,                   27
01-08-2018,        30  , 2018, August   ,            1,         213,           31,          0,                          182.7,                    0
02-08-2018,        60.5, 2018, August   ,            2,         214,           31,          0,                          243.2,                    0
03-08-2018,        20.1, 2018, August   ,            3,         215,           31,          0,                          263.3,                    0
04-08-2018,         0  , 2018, August   ,            4,         216,           31,          0,                          263.3,                    1
05-08-2018,         0  , 2018, August   ,            5,         217,           32,          1,                          263.3,                    2
06-08-2018,         0  , 2018, August   ,            6,         218,           32,          0,                          263.3,                    3
07-08-2018,         0  , 2018, August   ,            7,         219,           32,          0,                          263.3,                    4
08-08-2018,         0  , 2018, August   ,            8,         220,           32,          0,                          263.3,                    5
09-08-2018,         0  , 2018, August   ,            9,         221,           32,          0,                          263.3,                    6
10-08-2018,         0  , 2018, August   ,           10,         222,           32,          0,                          263.3,                    7
11-08-2018,         0  , 2018, August   ,           11,         223,           32,          0,                          263.3,                    8
12-08-2018,         0  , 2018, August   ,           12,         224,           33,          1,                          263.3,                    9
13-08-2018,         0  , 2018, August   ,           13,         225,           33,          0,                          263.3,                   10
14-08-2018,         0  , 2018, August   ,           14,         226,           33,          0,                          263.3,                   11
15-08-2018,         0  , 2018, August   ,           15,         227,           33,          0,                          263.3,                   12
16-08-2018,         0  , 2018, August   ,           16,         228,           33,          0,                          263.3,                   13
17-08-2018,         0  , 2018, August   ,           17,         229,           33,          0,                          263.3,                   14
18-08-2018,         0  , 2018, August   ,           18,         230,           33,          0,                          263.3,                   15
19-08-2018,         0  , 2018, August   ,           19,         231,           34,          1,                          263.3,                   16
20-08-2018,         0  , 2018, August   ,           20,         232,           34,          0,                          263.3,                   17
21-08-2018,         0  , 2018, August   ,           21,         233,           34,          0,                          263.3,                   18
22-08-2018,         0  , 2018, August   ,           22,         234,           34,          0,                          263.3,                   19
23-08-2018,         0  , 2018, August   ,           23,         235,           34,          0,                          263.3,                   20
24-08-2018,         0  , 2018, August   ,           24,         236,           34,          0,                          263.3,                   21
25-08-2018,         0  , 2018, August   ,           25,         237,           34,          0,                          263.3,                   22
26-08-2018,         0  , 2018, August   ,           26,         238,           35,          1,                          263.3,                   23
27-08-2018,         0  , 2018, August   ,           27,         239,           35,          0,                          263.3,                   24
28-08-2018,         0  , 2018, August   ,           28,         240,           35,          0,                          263.3,                   25
29-08-2018,         0  , 2018, August   ,           29,         241,           35,          0,                          263.3,                   26
30-08-2018,         0  , 2018, August   ,           30,         242,           35,          0,                          263.3,                   27
31-08-2018,         0  , 2018, August   ,           31,         243,           35,          0,                          263.3,                   28
01-09-2018,        40.2, 2018, September,            1,         244,           35,          0,                          303.5,                    0
02-09-2018,        85.1, 2018, September,            2,         245,           35,          0,                          388.6,                    0
03-09-2018,        22.3, 2018, September,            3,         246,           36,          1,                          410.9,                    0
04-09-2018,         0  , 2018, September,            4,         247,           36,          0,                          410.9,                    1
05-09-2018,         0  , 2018, September,            5,         248,           36,          0,                          410.9,                    2
06-09-2018,         0  , 2018, September,            6,         249,           36,          0,                          410.9,                    3
07-09-2018,         0  , 2018, September,            7,         250,           36,          0,                          410.9,                    4
08-09-2018,         0  , 2018, September,            8,         251,           36,          0,                          410.9,                    5
09-09-2018,         0  , 2018, September,            9,         252,           37,          1,                          410.9,                    6
10-09-2018,         0  , 2018, September,           10,         253,           37,          0,                          410.9,                    7
11-09-2018,         0  , 2018, September,           11,         254,           37,          0,                          410.9,                    8
12-09-2018,         0  , 2018, September,           12,         255,           37,          0,                          410.9,                    9
13-09-2018,         0  , 2018, September,           13,         256,           37,          0,                          410.9,                   10
14-09-2018,         0  , 2018, September,           14,         257,           37,          0,                          410.9,                   11
15-09-2018,         0  , 2018, September,           15,         258,           37,          0,                          410.9,                   12
16-09-2018,         0  , 2018, September,           16,         259,           38,          1,                          410.9,                   13
17-09-2018,         0  , 2018, September,           17,         260,           38,          0,                          410.9,                   14
18-09-2018,         0  , 2018, September,           18,         261,           38,          0,                          410.9,                   15
19-09-2018,         0  , 2018, September,           19,         262,           38,          0,                          410.9,                   16
20-09-2018,         0  , 2018, September,           20,         263,           38,          0,                          410.9,                   17
21-09-2018,         0  , 2018, September,           21,         264,           38,          0,                          410.9,                   18
22-09-2018,         0  , 2018, September,           22,         265,           38,          0,                          410.9,                   19
23-09-2018,         0  , 2018, September,           23,         266,           39,          1,                          410.9,                   20
24-09-2018,         0  , 2018, September,           24,         267,           39,          0,                          410.9,                   21
25-09-2018,         0  , 2018, September,           25,         268,           39,          0,                          410.9,                   22
26-09-2018,         0  , 2018, September,           26,         269,           39,          0,                          410.9,                   23
27-09-2018,         0  , 2018, September,           27,         270,           39,          0,                          410.9,                   24
28-09-2018,         0  , 2018, September,           28,         271,           39,          0,                          410.9,                   25
29-09-2018,         0  , 2018, September,           29,         272,           39,          0,                          410.9,                   26
30-09-2018,         0  , 2018, September,           30,         273,           39,          0,                          410.9,                   27
01-06-2019,         0  , 2019, June     ,            1,         152,           22,          0,                            0  ,                    1
02-06-2019,         0  , 2019, June     ,            2,         153,           23,          1,                            0  ,                    2
03-06-2019,         0  , 2019, June     ,            3,         154,           23,          0,                            0  ,                    3
04-06-2019,         0  , 2019, June     ,            4,         155,           23,          0,                            0  ,                    4
05-06-2019,         0  , 2019, June     ,            5,         156,           23,          0,                            0  ,                    5
06-06-2019,         0  , 2019, June     ,            6,         157,           23,          0,                            0  ,                    6
07-06-2019,         0  , 2019, June     ,            7,         158,           23,          0,                            0  ,                    7
08-06-2019,         0  , 2019, June     ,            8,         159,           23,          0,                            0  ,                    8
09-06-2019,         0  , 2019, June     ,            9,         160,           24,          1,                            0  ,                    9
10-06-2019,         0  , 2019, June     ,           10,         161,           24,          0,                            0  ,                   10
11-06-2019,         0  , 2019, June     ,           11,         162,           24,          0,                            0  ,                   11
12-06-2019,         0  , 2019, June     ,           12,         163,           24,          0,                            0  ,                   12
13-06-2019,         0  , 2019, June     ,           13,         164,           24,          0,                            0  ,                   13
14-06-2019,         0  , 2019, June     ,           14,         165,           24,          0,                            0  ,                   14
15-06-2019,         0  , 2019, June     ,           15,         166,           24,          0,                            0  ,                   15
16-06-2019,         0  , 2019, June     ,           16,         167,           25,          1,                            0  ,                   16
17-06-2019,         0  , 2019, June     ,           17,         168,           25,          0,                            0  ,                   17
18-06-2019,         0  , 2019, June     ,           18,         169,           25,          0,                            0  ,                   18
19-06-2019,         0  , 2019, June     ,           19,         170,           25,          0,                            0  ,                   19
20-06-2019,         0  , 2019, June     ,           20,         171,           25,          0,                            0  ,                   20
21-06-2019,         0  , 2019, June     ,           21,         172,           25,          0,                            0  ,                   21
22-06-2019,         0  , 2019, June     ,           22,         173,           25,          0,                            0  ,                   22
23-06-2019,         0  , 2019, June     ,           23,         174,           26,          1,                            0  ,                   23
24-06-2019,         2.5, 2019, June     ,           24,         175,           26,          0,                            2.5,                    0
25-06-2019,         5.1, 2019, June     ,           25,         176,           26,          0,                            7.6,                    0
26-06-2019,         0  , 2019, June     ,           26,         177,           26,          0,                            7.6,                    1
27-06-2019,         0  , 2019, June     ,           27,         178,           26,          0,                            7.6,                    2
28-06-2019,         0  , 2019, June     ,           28,         179,           26,          0,                            7.6,                    3
29-06-2019,         0  , 2019, June     ,           29,         180,           26,          0,                            7.6,                    4
30-06-2019,         0  , 2019, June     ,           30,         181,           27,          1,                            7.6,                    5
01-07-2019,         0  , 2019, July     ,            1,         182,           27,          0,                            7.6,                    6
02-07-2019,         0  , 2019, July     ,            2,         183,           27,          0,                            7.6,                    7
03-07-2019,         0  , 2019, July     ,            3,         184,           27,          0,                            7.6,                    8
04-07-2019,         0  , 2019, July     ,            4,         185,           27,          0,                            7.6,                    9
05-07-2019,         0  , 2019, July     ,            5,         186,           27,          0,                            7.6,                   10
06-07-2019,         0  , 2019, July     ,            6,         187,           27,          0,                            7.6,                   11
07-07-2019,         0  , 2019, July     ,            7,         188,           28,          1,                            7.6,                   12
08-07-2019,         0  , 2019, July     ,            8,         189,           28,          0,                            7.6,                   13
09-07-2019,         0  , 2019, July     ,            9,         190,           28,          0,                            7.6,                   14
10-07-2019,         0  , 2019, July     ,           10,         191,           28,          0,                            7.6,                   15
11-07-2019,         0  , 2019, July     ,           11,         192,           28,          0,                            7.6,                   16
12-07-2019,         0  , 2019, July     ,           12,         193,           28,          0,                            7.6,                   17
13-07-2019,         0  , 2019, July     ,           13,         194,           28,          0,                            7.6,                   18
14-07-2019,         0  , 2019, July     ,           14,         195,           29,          1,                            7.6,                   19
15-07-2019,        10.2, 2019, July     ,           15,         196,           29,          0,                           17.8,                    0
16-07-2019,        20.5, 2019, July     ,           16,         197,           29,          0,                           38.3,                    0
17-07-2019,         5.3, 2019, July     ,           17,         198,           29,          0,                           43.6,                    0
18-07-2019,         0  , 2019, July     ,           18,         199,           29,          0,                           43.6,                    1
19-07-2019,         0  , 2019, July     ,           19,         200,           29,          0,                           43.6,                    2
20-07-2019,         0  , 2019, July     ,           20,         201,           29,          0,                           43.6,                    3
21-07-2019,         0  , 2019, July     ,           21,         202,           30,          1,                           43.6,                    4
22-07-2019,         0  , 2019, July     ,           22,         203,           30,          0,                           43.6,                    5
23-07-2019,         0  , 2019, July     ,           23,         204,           30,          0,                           43.6,                    6
24-07-2019,         0  , 2019, July     ,           24,         205,           30,          0,                           43.6,                    7
25-07-2019,         0  , 2019, July     ,           25,         206,           30,          0,                           43.6,                    8
26-07-2019,         0  , 2019, July     ,           26,         207,           30,          0,                           43.6,                    9
27-07-2019,         0  , 2019, July     ,           27,         208,           30,          0,                           43.6,                   10
28-07-2019,         0  , 2019, July     ,           28,         209,           31,          1,                           43.6,                   11
29-07-2019,         0  , 2019, July     ,           29,         210,           31,          0,                           43.6,                   12
30-07-2019,         0  , 2019, July     ,           30,         211,           31,          0,                           43.6,                   13
31-07-2019,         0  , 2019, July     ,           31,         212,           31,          0,                           43.6,                   14
01-08-2019,        10  , 2019, August   ,            1,         213,           31,          0,                           53.6,                    0
02-08-2019,        20.1, 2019, August   ,            2,         214,           31,          0,                           73.7,                    0
03-08-2019,         4.5, 2019, August   ,            3,         215,           31,          0,                           78.2,                    0
04-08-2019,         0  , 2019, August   ,            4,         216,           32,          1,                           78.2,                    1
05-08-2019,         0  , 2019, August   ,            5,         217,           32,          0,                           78.2,                    2
06-08-2019,         0  , 2019, August   ,            6,         218,           32,          0,                           78.2,                    3
07-08-2019,         0  , 2019, August   ,            7,         219,           32,          0,                           78.2,                    4
08-08-2019,         0  , 2019, August   ,            8,         220,           32,          0,                           78.2,                    5
09-08-2019,         0  , 2019, August   ,            9,         221,           32,          0,                           78.2,                    6
10-08-2019,         0  , 2019, August   ,           10,         222,           32,          0,                           78.2,                    7
11-08-2019,         0  , 2019, August   ,           11,         223,           33,          1,                           78.2,                    8
12-08-2019,         0  , 2019, August   ,           12,         224,           33,          0,                           78.2,                    9
13-08-2019,         0  , 2019, August   ,           13,         225,           33,          0,                           78.2,                   10
14-08-2019,         0  , 2019, August   ,           14,         226,           33,          0,                           78.2,                   11
15-08-2019,         0  , 2019, August   ,           15,         227,           33,          0,                           78.2,                   12
16-08-2019,         0  , 2019, August   ,           16,         228,           33,          0,                           78.2,                   13
17-08-2019,         0  , 2019, August   ,           17,         229,           33,          0,                           78.2,                   14
18-08-2019,         0  , 2019, August   ,           18,         230,           34,          1,                           78.2,                   15
19-08-2019,         0  , 2019, August   ,           19,         231,           34,          0,                           78.2,                   16
20-08-2019,         0  , 2019, August   ,           20,         232,           34,          0,                           78.2,                   17
21-08-2019,         0  , 2019, August   ,           21,         233,           34,          0,                           78.2,                   18
22-08-2019,         0  , 2019, August   ,           22,         234,           34,          0,                           78.2,                   19
23-08-2019,         0  , 2019, August   ,           23,         235,           34,          0,                           78.2,                   20
24-08-2019,         0  , 2019, August   ,           24,         236,           34,          0,                           78.2,                   21
25-08-2019,         0  , 2019, August   ,           25,         237,           35,          1,                           78.2,                   22
26-08-2019,         0  , 2019, August   ,           26,         238,           35,          0,                           78.2,                   23
27-08-2019,         0  , 2019, August   ,           27,         239,           35,          0,                           78.2,                   24
28-08-2019,         0  , 2019, August   ,           28,         240,           35,          0,                           78.2,                   25
29-08-2019,         0  , 2019, August   ,           29,         241,           35,          0,                           78.2,                   26
30-08-2019,         0  , 2019, August   ,           30,         242,           35,          0,                           78.2,                   27
31-08-2019,         0  , 2019, August   ,           31,         243,           35,          0,                           78.2,                   28
01-09-2019,         5.6, 2019, September,            1,         244,           36,          1,                           83.8,                    0
02-09-2019,        12.2, 2019, September,            2,         245,           36,          0,                           96  ,                    0
03-09-2019,         3.1, 2019, September,            3,         246,           36,          0,                           99.1,                    0
04-09-2019,         0  , 2019, September,            4,         247,           36,          0,                           99.1,                    1
05-09-2019,         0  , 2019, September,            5,         248,           36,          0,                           99.1,                    2
06-09-2019,         0  , 2019, September,            6,         249,           36,          0,                           99.1,                    3
07-09-2019,         0  , 2019, September,            7,         250,           36,          0,                           99.1,                    4
08-09-2019,         0  , 2019, September,            8,         251,           37,          1,                           99.1,                    5
09-09-2019,         0  , 2019, September,            9,         252,           37,          0,                           99.1,                    6
10-09-2019,         0  , 2019, September,           10,         253,           37,          0,                           99.1,                    7
11-09-2019,         0  , 2019, September,           11,         254,           37,          0,                           99.1,                    8
12-09-2019,         0  , 2019, September,           12,         255,           37,          0,                           99.1,                    9
13-09-2019,         0  , 2019, September,           13,         256,           37,          0,                           99.1,                   10
14-09-2019,         0  , 2019, September,           14,         257,           37,          0,                           99.1,                   11
15-09-2019,         0  , 2019, September,           15,         258,           38,          1,                           99.1,                   12
16-09-2019,         0  , 2019, September,           16,         259,           38,          0,                           99.1,                   13
17-09-2019,         0  , 2019, September,           17,         260,           38,          0,                           99.1,                   14
18-09-2019,         0  , 2019, September,           18,         261,           38,          0,                           99.1,                   15
19-09-2019,         0  , 2019, September,           19,         262,           38,          0,                           99.1,                   16
20-09-2019,         0  , 2019, September,           20,         263,           38,          0,                           99.1,                   17
21-09-2019,         0  , 2019, September,           21,         264,           38,          0,                           99.1,                   18
22-09-2019,         0  , 2019, September,           22,         265,           39,          1,                           99.1,                   19
23-09-2019,         0  , 2019, September,           23,         266,           39,          0,                           99.1,                   20
24-09-2019,         0  , 2019, September,           24,         267,           39,          0,                           99.1,                   21
25-09-2019,         0  , 2019, September,           25,         268,           39,          0,                           99.1,                   22
26-09-2019,         0  , 2019, September,           26,         269,           39,          0,                           99.1,                   23
27-09-2019,         0  , 2019, September,           27,         270,           39,          0,                           99.1,                   24
28-09-2019,         0  , 2019, September,           28,         271,           39,          0,                           99.1,                   25
29-09-2019,         0  , 2019, September,           29,         272,           40,          1,                           99.1,                   26
30-09-2019,         0  , 2019, September,           30,         273,           40,          0,                           99.1,                   27
01-06-2020,         0  , 2020, June     ,            1,         153,           23,          0,                            0  ,                    1
02-06-2020,         0  , 2020, June     ,            2,         154,           23,          0,                            0  ,                    2
03-06-2020,         0  , 2020, June     ,            3,         155,           23,          0,                            0  ,                    3
04-06-2020,         0  , 2020, June     ,            4,         156,           23,          0,                            0  ,                    4
05-06-2020,         0  , 2020, June     ,            5,         157,           23,          0,                            0  ,                    5
06-06-2020,         0  , 2020, June     ,            6,         158,           23,          0,                            0  ,                    6
07-06-2020,         0  , 2020, June     ,            7,         159,           24,          1,                            0  ,                    7
08-06-2020,         0  , 2020, June     ,            8,         160,           24,          0,                            0  ,                    8
09-06-2020,         0  , 2020, June     ,            9,         161,           24,          0,                            0  ,                    9
10-06-2020,         0  , 2020, June     ,           10,         162,           24,          0,                            0  ,                   10
11-06-2020,         0  , 2020, June     ,           11,         163,           24,          0,                            0  ,                   11
12-06-2020,         0  , 2020, June     ,           12,         164,           24,          0,                            0  ,                   12
13-06-2020,         0  , 2020, June     ,           13,         165,           24,          0,                            0  ,                   13
14-06-2020,         0  , 2020, June     ,           14,         166,           25,          1,                            0  ,                   14
15-06-2020,         0  , 2020, June     ,           15,         167,           25,          0,                            0  ,                   15
16-06-2020,         0  , 2020, June     ,           16,         168,           25,          0,                            0  ,                   16
17-06-2020,         0  , 2020, June     ,           17,         169,           25,          0,                            0  ,                   17
18-06-2020,         0  , 2020, June     ,           18,         170,           25,          0,                            0  ,                   18
19-06-2020,         0  , 2020, June     ,           19,         171,           25,          0,                            0  ,                   19
20-06-2020,         0  , 2020, June     ,           20,         172,           25,          0,                            0  ,                   20
21-06-2020,         0  , 2020, June     ,           21,         173,           26,          1,                            0  ,                   21
22-06-2020,         0  , 2020, June     ,           22,         174,           26,          0,                            0  ,                   22
23-06-2020,         0  , 2020, June     ,           23,         175,           26,          0,                            0  ,                   23
24-06-2020,         5  , 2020, June     ,           24,         176,           26,          0,                            5  ,                    0
25-06-2020,        10.2, 2020, June     ,           25,         177,           26,          0,                           15.2,                    0
26-06-2020,         2.1, 2020, June     ,           26,         178,           26,          0,                           17.3,                    0
27-06-2020,         0  , 2020, June     ,           27,         179,           26,          0,                           17.3,                    1
28-06-2020,         0  , 2020, June     ,           28,         180,           27,          1,                           17.3,                    2
29-06-2020,         0  , 2020, June     ,           29,         181,           27,          0,                           17.3,                    3
30-06-2020,         0  , 2020, June     ,           30,         182,           27,          0,                           17.3,                    4
01-07-2020,         0  , 2020, July     ,            1,         183,           27,          0,                           17.3,                    5
02-07-2020,         0  , 2020, July     ,            2,         184,           27,          0,                           17.3,                    6
03-07-2020,         0  , 2020, July     ,            3,         185,           27,          0,                           17.3,                    7
04-07-2020,         0  , 2020, July     ,            4,         186,           27,          0,                           17.3,                    8
05-07-2020,         0  , 2020, July     ,            5,         187,           28,          1,                           17.3,                    9
06-07-2020,        18.5, 2020, July     ,            6,         188,           28,          0,                           35.8,                    0
07-07-2020,        35.2, 2020, July     ,            7,         189,           28,          0,                           71  ,                    0
08-07-2020,         8.1, 2020, July     ,            8,         190,           28,          0,                           79.1,                    0
09-07-2020,         0  , 2020, July     ,            9,         191,           28,          0,                           79.1,                    1
10-07-2020,         0  , 2020, July     ,           10,         192,           28,          0,                           79.1,                    2
11-07-2020,         0  , 2020, July     ,           11,         193,           28,          0,                           79.1,                    3
12-07-2020,         0  , 2020, July     ,           12,         194,           29,          1,                           79.1,                    4
13-07-2020,         0  , 2020, July     ,           13,         195,           29,          0,                           79.1,                    5
14-07-2020,         0  , 2020, July     ,           14,         196,           29,          0,                           79.1,                    6
15-07-2020,         0  , 2020, July     ,           15,         197,           29,          0,                           79.1,                    7
16-07-2020,         0  , 2020, July     ,           16,         198,           29,          0,                           79.1,                    8
17-07-2020,         0  , 2020, July     ,           17,         199,           29,          0,                           79.1,                    9
18-07-2020,         0  , 2020, July     ,           18,         200,           29,          0,                           79.1,                   10
19-07-2020,         0  , 2020, July     ,           19,         201,           30,          1,                           79.1,                   11
20-07-2020,         0  , 2020, July     ,           20,         202,           30,          0,                           79.1,                   12
21-07-2020,         0  , 2020, July     ,           21,         203,           30,          0,                           79.1,                   13
22-07-2020,         0  , 2020, July     ,           22,         204,           30,          0,                           79.1,                   14
23-07-2020,         0  , 2020, July     ,           23,         205,           30,          0,                           79.1,                   15
24-07-2020,         0  , 2020, July     ,           24,         206,           30,          0,                           79.1,                   16
25-07-2020,         0  , 2020, July     ,           25,         207,           30,          0,                           79.1,                   17
26-07-2020,         0  , 2020, July     ,           26,         208,           31,          1,                           79.1,                   18
27-07-2020,         0  , 2020, July     ,           27,         209,           31,          0,                           79.1,                   19
28-07-2020,         0  , 2020, July     ,           28,         210,           31,          0,                           79.1,                   20
29-07-2020,         0  , 2020, July     ,           29,         211,           31,          0,                           79.1,                   21
30-07-2020,         0  , 2020, July     ,           30,         212,           31,          0,                           79.1,                   22
31-07-2020,         0  , 2020, July     ,           31,         213,           31,          0,                           79.1,                   23
01-08-2020,        20.5, 2020, August   ,            1,         214,           31,          0,                           99.6,                    0
02-08-2020,        40.1, 2020, August   ,            2,         215,           32,          1,                          139.7,                    0
03-08-2020,        10.3, 2020, August   ,            3,         216,           32,          0,                          150  ,                    0
04-08-2020,         0  , 2020, August   ,            4,         217,           32,          0,                          150  ,                    1
05-08-2020,         0  , 2020, August   ,            5,         218,           32,          0,                          150  ,                    2
06-08-2020,         0  , 2020, August   ,            6,         219,           32,          0,                          150  ,                    3
07-08-2020,         0  , 2020, August   ,            7,         220,           32,          0,                          150  ,                    4
08-08-2020,         0  , 2020, August   ,            8,         221,           32,          0,                          150  ,                    5
09-08-2020,         0  , 2020, August   ,            9,         222,           33,          1,                          150  ,                    6
10-08-2020,         0  , 2020, August   ,           10,         223,           33,          0,                          150  ,                    7
11-08-2020,         0  , 2020, August   ,           11,         224,           33,          0,                          150  ,                    8
12-08-2020,         0  , 2020, August   ,           12,         225,           33,          0,                          150  ,                    9
13-08-2020,         0  , 2020, August   ,           13,         226,           33,          0,                          150  ,                   10
14-08-2020,         0  , 2020, August   ,           14,         227,           33,          0,                          150  ,                   11
15-08-2020,         0  , 2020, August   ,           15,         228,           33,          0,                          150  ,                   12
16-08-2020,         0  , 2020, August   ,           16,         229,           34,          1,                          150  ,                   13
17-08-2020,         0  , 2020, August   ,           17,         230,           34,          0,                          150  ,                   14
18-08-2020,         0  , 2020, August   ,           18,         231,           34,          0,                          150  ,                   15
19-08-2020,         0  , 2020, August   ,           19,         232,           34,          0,                          150  ,                   16
20-08-2020,         0  , 2020, August   ,           20,         233,           34,          0,                          150  ,                   17
21-08-2020,         0  , 2020, August   ,           21,         234,           34,          0,                          150  ,                   18
22-08-2020,         0  , 2020, August   ,           22,         235,           34,          0,                          150  ,                   19
23-08-2020,         0  , 2020, August   ,           23,         236,           35,          1,                          150  ,                   20
24-08-2020,         0  , 2020, August   ,           24,         237,           35,          0,                          150  ,                   21
25-08-2020,         0  , 2020, August   ,           25,         238,           35,          0,                          150  ,                   22
26-08-2020,         0  , 2020, August   ,           26,         239,           35,          0,                          150  ,                   23
27-08-2020,         0  , 2020, August   ,           27,         240,           35,          0,                          150  ,                   24
28-08-2020,         0  , 2020, August   ,           28,         241,           35,          0,                          150  ,                   25
29-08-2020,         0  , 2020, August   ,           29,         242,           35,          0,                          150  ,                   26
30-08-2020,         0  , 2020, August   ,           30,         243,           36,          1,                          150  ,                   27
31-08-2020,         0  , 2020, August   ,           31,         244,           36,          0,                          150  ,                   28
01-09-2020,        10.5, 2020, September,            1,         245,           36,          0,                          160.5,                    0
02-09-2020,        25.3, 2020, September,            2,         246,           36,          0,                          185.8,                    0
03-09-2020,         6.2, 2020, September,            3,         247,           36,          0,                          192  ,                    0
04-09-2020,         0  , 2020, September,            4,         248,           36,          0,                          192  ,                    1
05-09-2020,         0  , 2020, September,            5,         249,           36,          0,                          192  ,                    2
06-09-2020,         0  , 2020, September,            6,         250,           37,          1,                          192  ,                    3
07-09-2020,         0  , 2020, September,            7,         251,           37,          0,                          192  ,                    4
08-09-2020,         0  , 2020, September,            8,         252,           37,          0,                          192  ,                    5
09-09-2020,         0  , 2020, September,            9,         253,           37,          0,                          192  ,                    6
10-09-2020,         0  , 2020, September,           10,         254,           37,          0,                          192  ,                    7
11-09-2020,         0  , 2020, September,           11,         255,           37,          0,                          192  ,                    8
12-09-2020,         0  , 2020, September,           12,         256,           37,          0,                          192  ,                    9
13-09-2020,         0  , 2020, September,           13,         257,           38,          1,                          192  ,                   10
14-09-2020,         0  , 2020, September,           14,         258,           38,          0,                          192  ,                   11
15-09-2020,         0  , 2020, September,           15,         259,           38,          0,                          192  ,                   12
16-09-2020,         0  , 2020, September,           16,         260,           38,          0,                          192  ,                   13
17-09-2020,         0  , 2020, September,           17,         261,           38,          0,                          192  ,                   14
18-09-2020,         0  , 2020, September,           18,         262,           38,          0,                          192  ,                   15
19-09-2020,         0  , 2020, September,           19,         263,           38,          0,                          192  ,                   16
20-09-2020,         0  , 2020, September,           20,         264,           39,          1,                          192  ,                   17
21-09-2020,         0  , 2020, September,           21,         265,           39,          0,                          192  ,                   18
22-09-2020,         0  , 2020, September,           22,         266,           39,          0,                          192  ,                   19
23-09-2020,         0  , 2020, September,           23,         267,           39,          0,                          192  ,                   20
24-09-2020,         0  , 2020, September,           24,         268,           39,          0,                          192  ,                   21
25-09-2020,         0  , 2020, September,           25,         269,           39,          0,                          192  ,                   22
26-09-2020,         0  , 2020, September,           26,         270,           39,          0,                          192  ,                   23
27-09-2020,         0  , 2020, September,           27,         271,           40,          1,                          192  ,                   24
28-09-2020,         0  , 2020, September,           28,         272,           40,          0,                          192  ,                   25
29-09-2020,         0  , 2020, September,           29,         273,           40,          0,                          192  ,                   26
30-09-2020,         0  , 2020, September,           30,         274,           40,          0,                          192  ,                   27
01-06-2021,         0  , 2021, June     ,            1,         152,           22,          0,                            0  ,                    1
02-06-2021,         0  , 2021, June     ,            2,         153,           22,          0,                            0  ,                    2
03-06-2021,         0  , 2021, June     ,            3,         154,           22,          0,                            0  ,                    3
04-06-2021,         0  , 2021, June     ,            4,         155,           22,          0,                            0  ,                    4
05-06-2021,         0  , 2021, June     ,            5,         156,           22,          0,                            0  ,                    5
06-06-2021,         0  , 2021, June     ,            6,         157,           23,          1,                            0  ,                    6
07-06-2021,         0  , 2021, June     ,            7,         158,           23,          0,                            0  ,                    7
08-06-2021,         0  , 2021, June     ,            8,         159,           23,          0,                            0  ,                    8
09-06-2021,         0  , 2021, June     ,            9,         160,           23,          0,                            0  ,                    9
10-06-2021,         0  , 2021, June     ,           10,         161,           23,          0,                            0  ,                   10
11-06-2021,         0  , 2021, June     ,           11,         162,           23,          0,                            0  ,                   11
12-06-2021,         0  , 2021, June     ,           12,         163,           23,          0,                            0  ,                   12
13-06-2021,         0  , 2021, June     ,           13,         164,           24,          1,                            0  ,                   13
14-06-2021,         0  , 2021, June     ,           14,         165,           24,          0,                            0  ,                   14
15-06-2021,         0  , 2021, June     ,           15,         166,           24,          0,                            0  ,                   15
16-06-2021,         0  , 2021, June     ,           16,         167,           24,          0,                            0  ,                   16
17-06-2021,         0  , 2021, June     ,           17,         168,           24,          0,                            0  ,                   17
18-06-2021,         0  , 2021, June     ,           18,         169,           24,          0,                            0  ,                   18
19-06-2021,         0  , 2021, June     ,           19,         170,           24,          0,                            0  ,                   19
20-06-2021,         0  , 2021, June     ,           20,         171,           25,          1,                            0  ,                   20
21-06-2021,         0  , 2021, June     ,           21,         172,           25,          0,                            0  ,                   21
22-06-2021,         0  , 2021, June     ,           22,         173,           25,          0,                            0  ,                   22
23-06-2021,         0  , 2021, June     ,           23,         174,           25,          0,                            0  ,                   23
24-06-2021,         0  , 2021, June     ,           24,         175,           25,          0,                            0  ,                   24
25-06-2021,         0  , 2021, June     ,           25,         176,           25,          0,                            0  ,                   25
26-06-2021,         0  , 2021, June     ,           26,         177,           25,          0,                            0  ,                   26
27-06-2021,         0  , 2021, June     ,           27,         178,           26,          1,                            0  ,                   27
28-06-2021,         0  , 2021, June     ,           28,         179,           26,          0,                            0  ,                   28
29-06-2021,         0  , 2021, June     ,           29,         180,           26,          0,                            0  ,                   29
30-06-2021,         0  , 2021, June     ,           30,         181,           26,          0,                            0  ,                   30
01-07-2021,         0  , 2021, July     ,            1,         182,           26,          0,                            0  ,                   31
02-07-2021,         0  , 2021, July     ,            2,         183,           26,          0,                            0  ,                   32
03-07-2021,         0  , 2021, July     ,            3,         184,           26,          0,                            0  ,                   33
04-07-2021,         0  , 2021, July     ,            4,         185,           27,          1,                            0  ,                   34
05-07-2021,         0  , 2021, July     ,            5,         186,           27,          0,                            0  ,                   35
06-07-2021,         0  , 2021, July     ,            6,         187,           27,          0,                            0  ,                   36
07-07-2021,         0  , 2021, July     ,            7,         188,           27,          0,                            0  ,                   37
08-07-2021,         0  , 2021, July     ,            8,         189,           27,          0,                            0  ,                   38
09-07-2021,         0  , 2021, July     ,            9,         190,           27,          0,                            0  ,                   39
10-07-2021,         0  , 2021, July     ,           10,         191,           27,          0,                            0  ,                   40
11-07-2021,         0  , 2021, July     ,           11,         192,           28,          1,                            0  ,                   41
12-07-2021,         0  , 2021, July     ,           12,         193,           28,          0,                            0  ,                   42
13-07-2021,        10.1, 2021, July     ,           13,         194,           28,          0,                           10.1,                    0
14-07-2021,        25.5, 2021, July     ,           14,         195,           28,          0,                           35.6,                    0
15-07-2021,         5.2, 2021, July     ,           15,         196,           28,          0,                           40.8,                    0
16-07-2021,         0  , 2021, July     ,           16,         197,           28,          0,                           40.8,                    1
17-07-2021,         0  , 2021, July     ,           17,         198,           28,          0,                           40.8,                    2
18-07-2021,         0  , 2021, July     ,           18,         199,           29,          1,                           40.8,                    3
19-07-2021,         0  , 2021, July     ,           19,         200,           29,          0,                           40.8,                    4
20-07-2021,         0  , 2021, July     ,           20,         201,           29,          0,                           40.8,                    5
21-07-2021,         0  , 2021, July     ,           21,         202,           29,          0,                           40.8,                    6
22-07-2021,         0  , 2021, July     ,           22,         203,           29,          0,                           40.8,                    7
23-07-2021,         0  , 2021, July     ,           23,         204,           29,          0,                           40.8,                    8
24-07-2021,         0  , 2021, July     ,           24,         205,           29,          0,                           40.8,                    9
25-07-2021,         0  , 2021, July     ,           25,         206,           30,          1,                           40.8,                   10
26-07-2021,         0  , 2021, July     ,           26,         207,           30,          0,                           40.8,                   11
27-07-2021,         0  , 2021, July     ,           27,         208,           30,          0,                           40.8,                   12
28-07-2021,         0  , 2021, July     ,           28,         209,           30,          0,                           40.8,                   13
29-07-2021,         0  , 2021, July     ,           29,         210,           30,          0,                           40.8,                   14
30-07-2021,         0  , 2021, July     ,           30,         211,           30,          0,                           40.8,                   15
31-07-2021,         0  , 2021, July     ,           31,         212,           30,          0,                           40.8,                   16
01-08-2021,        35  , 2021, August   ,            1,         213,           31,          1,                           75.8,                    0
02-08-2021,        75.5, 2021, August   ,            2,         214,           31,          0,                          151.3,                    0
03-08-2021,        20.1, 2021, August   ,            3,         215,           31,          0,                          171.4,                    0
04-08-2021,         0  , 2021, August   ,            4,         216,           31,          0,                          171.4,                    1
05-08-2021,         0  , 2021, August   ,            5,         217,           31,          0,                          171.4,                    2
06-08-2021,         0  , 2021, August   ,            6,         218,           31,          0,                          171.4,                    3
07-08-2021,         0  , 2021, August   ,            7,         219,           31,          0,                          171.4,                    4
08-08-2021,         0  , 2021, August   ,            8,         220,           32,          1,                          171.4,                    5
09-08-2021,         0  , 2021, August   ,            9,         221,           32,          0,                          171.4,                    6
10-08-2021,         0  , 2021, August   ,           10,         222,           32,          0,                          171.4,                    7
11-08-2021,         0  , 2021, August   ,           11,         223,           32,          0,                          171.4,                    8
12-08-2021,         0  , 2021, August   ,           12,         224,           32,          0,                          171.4,                    9
13-08-2021,         0  , 2021, August   ,           13,         225,           32,          0,                          171.4,                   10
14-08-2021,         0  , 2021, August   ,           14,         226,           32,          0,                          171.4,                   11
15-08-2021,         0  , 2021, August   ,           15,         227,           33,          1,                          171.4,                   12
16-08-2021,         0  , 2021, August   ,           16,         228,           33,          0,                          171.4,                   13
17-08-2021,         0  , 2021, August   ,           17,         229,           33,          0,                          171.4,                   14
18-08-2021,         0  , 2021, August   ,           18,         230,           33,          0,                          171.4,                   15
19-08-2021,         0  , 2021, August   ,           19,         231,           33,          0,                          171.4,                   16
20-08-2021,         0  , 2021, August   ,           20,         232,           33,          0,                          171.4,                   17
21-08-2021,         0  , 2021, August   ,           21,         233,           33,          0,                          171.4,                   18
22-08-2021,         0  , 2021, August   ,           22,         234,           34,          1,                          171.4,                   19
23-08-2021,         0  , 2021, August   ,           23,         235,           34,          0,                          171.4,                   20
24-08-2021,         0  , 2021, August   ,           24,         236,           34,          0,                          171.4,                   21
25-08-2021,         0  , 2021, August   ,           25,         237,           34,          0,                          171.4,                   22
26-08-2021,         0  , 2021, August   ,           26,         238,           34,          0,                          171.4,                   23
27-08-2021,         0  , 2021, August   ,           27,         239,           34,          0,                          171.4,                   24
28-08-2021,         0  , 2021, August   ,           28,         240,           34,          0,                          171.4,                   25
29-08-2021,         0  , 2021, August   ,           29,         241,           35,          1,                          171.4,                   26
30-08-2021,         0  , 2021, August   ,           30,         242,           35,          0,                          171.4,                   27
31-08-2021,         0  , 2021, August   ,           31,         243,           35,          0,                          171.4,                   28
01-09-2021,       112.1, 2021, September,            1,         244,           35,          0,                          283.5,                    0
02-09-2021,       117.7, 2021, September,            2,         245,           35,          0,                          401.2,                    0
03-09-2021,        30.5, 2021, September,            3,         246,           35,          0,                          431.7,                    0
04-09-2021,         0  , 2021, September,            4,         247,           35,          0,                          431.7,                    1
05-09-2021,         0  , 2021, September,            5,         248,           36,          1,                          431.7,                    2
06-09-2021,         0  , 2021, September,            6,         249,           36,          0,                          431.7,                    3
07-09-2021,         0  , 2021, September,            7,         250,           36,          0,                          431.7,                    4
08-09-2021,         0  , 2021, September,            8,         251,           36,          0,                          431.7,                    5
09-09-2021,         0  , 2021, September,            9,         252,           36,          0,                          431.7,                    6
10-09-2021,         0  , 2021, September,           10,         253,           36,          0,                          431.7,                    7
11-09-2021,         0  , 2021, September,           11,         254,           36,          0,                          431.7,                    8
12-09-2021,         0  , 2021, September,           12,         255,           37,          1,                          431.7,                    9
13-09-2021,         0  , 2021, September,           13,         256,           37,          0,                          431.7,                   10
14-09-2021,         0  , 2021, September,           14,         257,           37,          0,                          431.7,                   11
15-09-2021,         0  , 2021, September,           15,         258,           37,          0,                          431.7,                   12
16-09-2021,         0  , 2021, September,           16,         259,           37,          0,                          431.7,                   13
17-09-2021,         0  , 2021, September,           17,         260,           37,          0,                          431.7,                   14
18-09-2021,         0  , 2021, September,           18,         261,           37,          0,                          431.7,                   15
19-09-2021,         0  , 2021, September,           19,         262,           38,          1,                          431.7,                   16
20-09-2021,         0  , 2021, September,           20,         263,           38,          0,                          431.7,                   17
21-09-2021,         0  , 2021, September,           21,         264,           38,          0,                          431.7,                   18
22-09-2021,         0  , 2021, September,           22,         265,           38,          0,                          431.7,                   19
23-09-2021,         0  , 2021, September,           23,         266,           38,          0,                          431.7,                   20
24-09-2021,         0  , 2021, September,           24,         267,           38,          0,                          431.7,                   21
25-09-2021,         0  , 2021, September,           25,         268,           38,          0,                          431.7,                   22
26-09-2021,         0  , 2021, September,           26,         269,           39,          1,                          431.7,                   23
27-09-2021,         0  , 2021, September,           27,         270,           39,          0,                          431.7,                   24
28-09-2021,         0  , 2021, September,           28,         271,           39,          0,                          431.7,                   25
29-09-2021,         0  , 2021, September,           29,         272,           39,          0,                          431.7,                   26
30-09-2021,         0  , 2021, September,           30,         273,           39,          0,                          431.7,                   27
01-06-2022,         0  , 2022, June     ,            1,         152,           22,          0,                            0  ,                    1
02-06-2022,         0  , 2022, June     ,            2,         153,           22,          0,                            0  ,                    2
03-06-2022,         0  , 2022, June     ,            3,         154,           22,          0,                            0  ,                    3
04-06-2022,         0  , 2022, June     ,            4,         155,           22,          0,                            0  ,                    4
05-06-2022,         0  , 2022, June     ,            5,         156,           23,          1,                            0  ,                    5
06-06-2022,         0  , 2022, June     ,            6,         157,           23,          0,                            0  ,                    6
07-06-2022,         0  , 2022, June     ,            7,         158,           23,          0,                            0  ,                    7
08-06-2022,         0  , 2022, June     ,            8,         159,           23,          0,                            0  ,                    8
09-06-2022,         0  , 2022, June     ,            9,         160,           23,          0,                            0  ,                    9
10-06-2022,         0  , 2022, June     ,           10,         161,           23,          0,                            0  ,                   10
11-06-2022,         0  , 2022, June     ,           11,         162,           23,          0,                            0  ,                   11
12-06-2022,         0  , 2022, June     ,           12,         163,           24,          1,                            0  ,                   12
13-06-2022,         0  , 2022, June     ,           13,         164,           24,          0,                            0  ,                   13
14-06-2022,         0  , 2022, June     ,           14,         165,           24,          0,                            0  ,                   14
15-06-2022,         0  , 2022, June     ,           15,         166,           24,          0,                            0  ,                   15
16-06-2022,         0  , 2022, June     ,           16,         167,           24,          0,                            0  ,                   16
17-06-2022,         0  , 2022, June     ,           17,         168,           24,          0,                            0  ,                   17
18-06-2022,         0  , 2022, June     ,           18,         169,           24,          0,                            0  ,                   18
19-06-2022,         0  , 2022, June     ,           19,         170,           25,          1,                            0  ,                   19
20-06-2022,         0  , 2022, June     ,           20,         171,           25,          0,                            0  ,                   20
21-06-2022,         0  , 2022, June     ,           21,         172,           25,          0,                            0  ,                   21
22-06-2022,         0  , 2022, June     ,           22,         173,           25,          0,                            0  ,                   22
23-06-2022,         0  , 2022, June     ,           23,         174,           25,          0,                            0  ,                   23
24-06-2022,         0  , 2022, June     ,           24,         175,           25,          0,                            0  ,                   24
25-06-2022,         0  , 2022, June     ,           25,         176,           25,          0,                            0  ,                   25
26-06-2022,         0  , 2022, June     ,           26,         177,           26,          1,                            0  ,                   26
27-06-2022,         5  , 2022, June     ,           27,         178,           26,          0,                            5  ,                    0
28-06-2022,        10.2, 2022, June     ,           28,         179,           26,          0,                           15.2,                    0
29-06-2022,         2.5, 2022, June     ,           29,         180,           26,          0,                           17.7,                    0
30-06-2022,         0  , 2022, June     ,           30,         181,           26,          0,                           17.7,                    1
01-07-2022,         0  , 2022, July     ,            1,         182,           26,          0,                           17.7,                    2
02-07-2022,         0  , 2022, July     ,            2,         183,           26,          0,                           17.7,                    3
03-07-2022,         0  , 2022, July     ,            3,         184,           27,          1,                           17.7,                    4
04-07-2022,         0  , 2022, July     ,            4,         185,           27,          0,                           17.7,                    5
05-07-2022,         0  , 2022, July     ,            5,         186,           27,          0,                           17.7,                    6
06-07-2022,        15.1, 2022, July     ,            6,         187,           27,          0,                           32.8,                    0
07-07-2022,        30.5, 2022, July     ,            7,         188,           27,          0,                           63.3,                    0
08-07-2022,         8.2, 2022, July     ,            8,         189,           27,          0,                           71.5,                    0
09-07-2022,         0  , 2022, July     ,            9,         190,           27,          0,                           71.5,                    1
10-07-2022,         0  , 2022, July     ,           10,         191,           28,          1,                           71.5,                    2
11-07-2022,         0  , 2022, July     ,           11,         192,           28,          0,                           71.5,                    3
12-07-2022,         0  , 2022, July     ,           12,         193,           28,          0,                           71.5,                    4
13-07-2022,         0  , 2022, July     ,           13,         194,           28,          0,                           71.5,                    5
14-07-2022,         0  , 2022, July     ,           14,         195,           28,          0,                           71.5,                    6
15-07-2022,         0  , 2022, July     ,           15,         196,           28,          0,                           71.5,                    7
16-07-2022,         0  , 2022, July     ,           16,         197,           28,          0,                           71.5,                    8
17-07-2022,         0  , 2022, July     ,           17,         198,           29,          1,                           71.5,                    9
18-07-2022,         0  , 2022, July     ,           18,         199,           29,          0,                           71.5,                   10
19-07-2022,         0  , 2022, July     ,           19,         200,           29,          0,                           71.5,                   11
20-07-2022,         0  , 2022, July     ,           20,         201,           29,          0,                           71.5,                   12
21-07-2022,         0  , 2022, July     ,           21,         202,           29,          0,                           71.5,                   13
22-07-2022,         0  , 2022, July     ,           22,         203,           29,          0,                           71.5,                   14
23-07-2022,         0  , 2022, July     ,           23,         204,           29,          0,                           71.5,                   15
24-07-2022,         0  , 2022, July     ,           24,         205,           30,          1,                           71.5,                   16
25-07-2022,         0  , 2022, July     ,           25,         206,           30,          0,                           71.5,                   17
26-07-2022,         0  , 2022, July     ,           26,         207,           30,          0,                           71.5,                   18
27-07-2022,         0  , 2022, July     ,           27,         208,           30,          0,                           71.5,                   19
28-07-2022,         0  , 2022, July     ,           28,         209,           30,          0,                           71.5,                   20
29-07-2022,         0  , 2022, July     ,           29,         210,           30,          0,                           71.5,                   21
30-07-2022,         0  , 2022, July     ,           30,         211,           30,          0,                           71.5,                   22
31-07-2022,         0  , 2022, July     ,           31,         212,           31,          1,                           71.5,                   23
01-08-2022,        10  , 2022, August   ,            1,         213,           31,          0,                           81.5,                    0
02-08-2022,        20.1, 2022, August   ,            2,         214,           31,          0,                          101.6,                    0
03-08-2022,         4.5, 2022, August   ,            3,         215,           31,          0,                          106.1,                    0
04-08-2022,         0  , 2022, August   ,            4,         216,           31,          0,                          106.1,                    1
05-08-2022,         0  , 2022, August   ,            5,         217,           31,          0,                          106.1,                    2
06-08-2022,         0  , 2022, August   ,            6,         218,           31,          0,                          106.1,                    3
07-08-2022,         0  , 2022, August   ,            7,         219,           32,          1,                          106.1,                    4
08-08-2022,         0  , 2022, August   ,            8,         220,           32,          0,                          106.1,                    5
09-08-2022,         0  , 2022, August   ,            9,         221,           32,          0,                          106.1,                    6
10-08-2022,         0  , 2022, August   ,           10,         222,           32,          0,                          106.1,                    7
11-08-2022,         0  , 2022, August   ,           11,         223,           32,          0,                          106.1,                    8
12-08-2022,         0  , 2022, August   ,           12,         224,           32,          0,                          106.1,                    9
13-08-2022,         0  , 2022, August   ,           13,         225,           32,          0,                          106.1,                   10
14-08-2022,         0  , 2022, August   ,           14,         226,           33,          1,                          106.1,                   11
15-08-2022,         0  , 2022, August   ,           15,         227,           33,          0,                          106.1,                   12
16-08-2022,         0  , 2022, August   ,           16,         228,           33,          0,                          106.1,                   13
17-08-2022,         0  , 2022, August   ,           17,         229,           33,          0,                          106.1,                   14
18-08-2022,         0  , 2022, August   ,           18,         230,           33,          0,                          106.1,                   15
19-08-2022,         0  , 2022, August   ,           19,         231,           33,          0,                          106.1,                   16
20-08-2022,         0  , 2022, August   ,           20,         232,           33,          0,                          106.1,                   17
21-08-2022,         0  , 2022, August   ,           21,         233,           34,          1,                          106.1,                   18
22-08-2022,         0  , 2022, August   ,           22,         234,           34,          0,                          106.1,                   19
23-08-2022,         0  , 2022, August   ,           23,         235,           34,          0,                          106.1,                   20
24-08-2022,         0  , 2022, August   ,           24,         236,           34,          0,                          106.1,                   21
25-08-2022,         0  , 2022, August   ,           25,         237,           34,          0,                          106.1,                   22
26-08-2022,         0  , 2022, August   ,           26,         238,           34,          0,                          106.1,                   23
27-08-2022,         0  , 2022, August   ,           27,         239,           34,          0,                          106.1,                   24
28-08-2022,         0  , 2022, August   ,           28,         240,           35,          1,                          106.1,                   25
29-08-2022,         0  , 2022, August   ,           29,         241,           35,          0,                          106.1,                   26
30-08-2022,         0  , 2022, August   ,           30,         242,           35,          0,                          106.1,                   27
31-08-2022,         0  , 2022, August   ,           31,         243,           35,          0,                          106.1,                   28
01-09-2022,         8  , 2022, September,            1,         244,           35,          0,                          114.1,                    0
02-09-2022,        15.5, 2022, September,            2,         245,           35,          0,                          129.6,                    0
03-09-2022,         3  , 2022, September,            3,         246,           35,          0,                          132.6,                    0
04-09-2022,         0  , 2022, September,            4,         247,           36,          1,                          132.6,                    1
05-09-2022,         0  , 2022, September,            5,         248,           36,          0,                          132.6,                    2
06-09-2022,         0  , 2022, September,            6,         249,           36,          0,                          132.6,                    3
07-09-2022,         0  , 2022, September,            7,         250,           36,          0,                          132.6,                    4
08-09-2022,         0  , 2022, September,            8,         251,           36,          0,                          132.6,                    5
09-09-2022,         0  , 2022, September,            9,         252,           36,          0,                          132.6,                    6
10-09-2022,         0  , 2022, September,           10,         253,           36,          0,                          132.6,                    7
11-09-2022,         0  , 2022, September,           11,         254,           37,          1,                          132.6,                    8
12-09-2022,         0  , 2022, September,           12,         255,           37,          0,                          132.6,                    9
13-09-2022,         0  , 2022, September,           13,         256,           37,          0,                          132.6,                   10
14-09-2022,         0  , 2022, September,           14,         257,           37,          0,                          132.6,                   11
15-09-2022,         0  , 2022, September,           15,         258,           37,          0,                          132.6,                   12
16-09-2022,         0  , 2022, September,           16,         259,           37,          0,                          132.6,                   13
17-09-2022,         0  , 2022, September,           17,         260,           37,          0,                          132.6,                   14
18-09-2022,         0  , 2022, September,           18,         261,           38,          1,                          132.6,                   15
19-09-2022,         0  , 2022, September,           19,         262,           38,          0,                          132.6,                   16
20-09-2022,         0  , 2022, September,           20,         263,           38,          0,                          132.6,                   17
21-09-2022,         0  , 2022, September,           21,         264,           38,          0,                          132.6,                   18
22-09-2022,         0  , 2022, September,           22,         265,           38,          0,                          132.6,                   19
23-09-2022,         0  , 2022, September,           23,         266,           38,          0,                          132.6,                   20
24-09-2022,         0  , 2022, September,           24,         267,           38,          0,                          132.6,                   21
25-09-2022,         0  , 2022, September,           25,         268,           39,          1,                          132.6,                   22
26-09-2022,         0  , 2022, September,           26,         269,           39,          0,                          132.6,                   23
27-09-2022,         0  , 2022, September,           27,         270,           39,          0,                          132.6,                   24
28-09-2022,         0  , 2022, September,           28,         271,           39,          0,                          132.6,                   25
29-09-2022,         0  , 2022, September,           29,         272,           39,          0,                          132.6,                   26
30-09-2022,         0  , 2022, September,           30,         273,           39,          0,                          132.6,                   27
01-06-2023,         0  , 2023, June     ,            1,         152,           22,          0,                            0  ,                    1
02-06-2023,         0  , 2023, June     ,            2,         153,           22,          0,                            0  ,                    2
03-06-2023,         0  , 2023, June     ,            3,         154,           22,          0,                            0  ,                    3
04-06-2023,         0  , 2023, June     ,            4,         155,           23,          1,                            0  ,                    4
05-06-2023,         0  , 2023, June     ,            5,         156,           23,          0,                            0  ,                    5
06-06-2023,         0  , 2023, June     ,            6,         157,           23,          0,                            0  ,                    6
07-06-2023,         0  , 2023, June     ,            7,         158,           23,          0,                            0  ,                    7
08-06-2023,         0  , 2023, June     ,            8,         159,           23,          0,                            0  ,                    8
09-06-2023,         0  , 2023, June     ,            9,         160,           23,          0,                            0  ,                    9
10-06-2023,         0  , 2023, June     ,           10,         161,           23,          0,                            0  ,                   10
11-06-2023,         0  , 2023, June     ,           11,         162,           24,          1,                            0  ,                   11
12-06-2023,         0  , 2023, June     ,           12,         163,           24,          0,                            0  ,                   12
13-06-2023,         0  , 2023, June     ,           13,         164,           24,          0,                            0  ,                   13
14-06-2023,         0  , 2023, June     ,           14,         165,           24,          0,                            0  ,                   14
15-06-2023,         0  , 2023, June     ,           15,         166,           24,          0,                            0  ,                   15
16-06-2023,         0  , 2023, June     ,           16,         167,           24,          0,                            0  ,                   16
17-06-2023,         0  , 2023, June     ,           17,         168,           24,          0,                            0  ,                   17
18-06-2023,         0  , 2023, June     ,           18,         169,           25,          1,                            0  ,                   18
19-06-2023,         0  , 2023, June     ,           19,         170,           25,          0,                            0  ,                   19
20-06-2023,         0  , 2023, June     ,           20,         171,           25,          0,                            0  ,                   20
21-06-2023,         0  , 2023, June     ,           21,         172,           25,          0,                            0  ,                   21
22-06-2023,         0  , 2023, June     ,           22,         173,           25,          0,                            0  ,                   22
23-06-2023,         0  , 2023, June     ,           23,         174,           25,          0,                            0  ,                   23
24-06-2023,         0  , 2023, June     ,           24,         175,           25,          0,                            0  ,                   24
25-06-2023,         0  , 2023, June     ,           25,         176,           26,          1,                            0  ,                   25
26-06-2023,        10  , 2023, June     ,           26,         177,           26,          0,                           10  ,                    0
27-06-2023,        20.1, 2023, June     ,           27,         178,           26,          0,                           30.1,                    0
28-06-2023,         5.5, 2023, June     ,           28,         179,           26,          0,                           35.6,                    0
29-06-2023,         0  , 2023, June     ,           29,         180,           26,          0,                           35.6,                    1
30-06-2023,         0  , 2023, June     ,           30,         181,           26,          0,                           35.6,                    2
01-07-2023,         0  , 2023, July     ,            1,         182,           26,          0,                           35.6,                    3
02-07-2023,         0  , 2023, July     ,            2,         183,           27,          1,                           35.6,                    4
03-07-2023,        20  , 2023, July     ,            3,         184,           27,          0,                           55.6,                    0
04-07-2023,        45.2, 2023, July     ,            4,         185,           27,          0,                          100.8,                    0
05-07-2023,        10.1, 2023, July     ,            5,         186,           27,          0,                          110.9,                    0
06-07-2023,         0  , 2023, July     ,            6,         187,           27,          0,                          110.9,                    1
07-07-2023,         0  , 2023, July     ,            7,         188,           27,          0,                          110.9,                    2
08-07-2023,         0  , 2023, July     ,            8,         189,           27,          0,                          110.9,                    3
09-07-2023,         0  , 2023, July     ,            9,         190,           28,          1,                          110.9,                    4
10-07-2023,         0  , 2023, July     ,           10,         191,           28,          0,                          110.9,                    5
11-07-2023,         0  , 2023, July     ,           11,         192,           28,          0,                          110.9,                    6
12-07-2023,         0  , 2023, July     ,           12,         193,           28,          0,                          110.9,                    7
13-07-2023,         0  , 2023, July     ,           13,         194,           28,          0,                          110.9,                    8
14-07-2023,         0  , 2023, July     ,           14,         195,           28,          0,                          110.9,                    9
15-07-2023,         0  , 2023, July     ,           15,         196,           28,          0,                          110.9,                   10
16-07-2023,         0  , 2023, July     ,           16,         197,           29,          1,                          110.9,                   11
17-07-2023,         0  , 2023, July     ,           17,         198,           29,          0,                          110.9,                   12
18-07-2023,         0  , 2023, July     ,           18,         199,           29,          0,                          110.9,                   13
19-07-2023,         0  , 2023, July     ,           19,         200,           29,          0,                          110.9,                   14
20-07-2023,         0  , 2023, July     ,           20,         201,           29,          0,                          110.9,                   15
21-07-2023,         0  , 2023, July     ,           21,         202,           29,          0,                          110.9,                   16
22-07-2023,         0  , 2023, July     ,           22,         203,           29,          0,                          110.9,                   17
23-07-2023,         0  , 2023, July     ,           23,         204,           30,          1,                          110.9,                   18
24-07-2023,         0  , 2023, July     ,           24,         205,           30,          0,                          110.9,                   19
25-07-2023,         0  , 2023, July     ,           25,         206,           30,          0,                          110.9,                   20
26-07-2023,         0  , 2023, July     ,           26,         207,           30,          0,                          110.9,                   21
27-07-2023,         0  , 2023, July     ,           27,         208,           30,          0,                          110.9,                   22
28-07-2023,         0  , 2023, July     ,           28,         209,           30,          0,                          110.9,                   23
29-07-2023,         0  , 2023, July     ,           29,         210,           30,          0,                          110.9,                   24
30-07-2023,         0  , 2023, July     ,           30,         211,           31,          1,                          110.9,                   25
31-07-2023,         0  , 2023, July     ,           31,         212,           31,          0,                          110.9,                   26
01-08-2023,        25.5, 2023, August   ,            1,         213,           31,          0,                          136.4,                    0
02-08-2023,        50.1, 2023, August   ,            2,         214,           31,          0,                          186.5,                    0
03-08-2023,        15.2, 2023, August   ,            3,         215,           31,          0,                          201.7,                    0
04-08-2023,         0  , 2023, August   ,            4,         216,           31,          0,                          201.7,                    1
05-08-2023,         0  , 2023, August   ,            5,         217,           31,          0,                          201.7,                    2
06-08-2023,         0  , 2023, August   ,            6,         218,           32,          1,                          201.7,                    3
07-08-2023,         0  , 2023, August   ,            7,         219,           32,          0,                          201.7,                    4
08-08-2023,         0  , 2023, August   ,            8,         220,           32,          0,                          201.7,                    5
09-08-2023,         0  , 2023, August   ,            9,         221,           32,          0,                          201.7,                    6
10-08-2023,         0  , 2023, August   ,           10,         222,           32,          0,                          201.7,                    7
11-08-2023,         0  , 2023, August   ,           11,         223,           32,          0,                          201.7,                    8
12-08-2023,         0  , 2023, August   ,           12,         224,           32,          0,                          201.7,                    9
13-08-2023,         0  , 2023, August   ,           13,         225,           33,          1,                          201.7,                   10
14-08-2023,         0  , 2023, August   ,           14,         226,           33,          0,                          201.7,                   11
15-08-2023,         0  , 2023, August   ,           15,         227,           33,          0,                          201.7,                   12
16-08-2023,         0  , 2023, August   ,           16,         228,           33,          0,                          201.7,                   13
17-08-2023,         0  , 2023, August   ,           17,         229,           33,          0,                          201.7,                   14
18-08-2023,         0  , 2023, August   ,           18,         230,           33,          0,                          201.7,                   15
19-08-2023,         0  , 2023, August   ,           19,         231,           33,          0,                          201.7,                   16
20-08-2023,         0  , 2023, August   ,           20,         232,           34,          1,                          201.7,                   17
21-08-2023,         0  , 2023, August   ,           21,         233,           34,          0,                          201.7,                   18
22-08-2023,         0  , 2023, August   ,           22,         234,           34,          0,                          201.7,                   19
23-08-2023,         0  , 2023, August   ,           23,         235,           34,          0,                          201.7,                   20
24-08-2023,         0  , 2023, August   ,           24,         236,           34,          0,                          201.7,                   21
25-08-2023,         0  , 2023, August   ,           25,         237,           34,          0,                          201.7,                   22
26-08-2023,         0  , 2023, August   ,           26,         238,           34,          0,                          201.7,                   23
27-08-2023,         0  , 2023, August   ,           27,         239,           35,          1,                          201.7,                   24
28-08-2023,         0  , 2023, August   ,           28,         240,           35,          0,                          201.7,                   25
29-08-2023,         0  , 2023, August   ,           29,         241,           35,          0,                          201.7,                   26
30-08-2023,         0  , 2023, August   ,           30,         242,           35,          0,                          201.7,                   27
31-08-2023,         0  , 2023, August   ,           31,         243,           35,          0,                          201.7,                   28
01-09-2023,        25.7, 2023, September,            1,         244,           35,          0,                          227.4,                    0
02-09-2023,        50.1, 2023, September,            2,         245,           35,          0,                          277.5,                    0
03-09-2023,        12.3, 2023, September,            3,         246,           36,          1,                          289.8,                    0
04-09-2023,         0  , 2023, September,            4,         247,           36,          0,                          289.8,                    1
05-09-2023,         0  , 2023, September,            5,         248,           36,          0,                          289.8,                    2
06-09-2023,         0  , 2023, September,            6,         249,           36,          0,                          289.8,                    3
07-09-2023,         0  , 2023, September,            7,         250,           36,          0,                          289.8,                    4
08-09-2023,         0  , 2023, September,            8,         251,           36,          0,                          289.8,                    5
09-09-2023,         0  , 2023, September,            9,         252,           36,          0,                          289.8,                    6
10-09-2023,         0  , 2023, September,           10,         253,           37,          1,                          289.8,                    7
11-09-2023,         0  , 2023, September,           11,         254,           37,          0,                          289.8,                    8
12-09-2023,         0  , 2023, September,           12,         255,           37,          0,                          289.8,                    9
13-09-2023,         0  , 2023, September,           13,         256,           37,          0,                          289.8,                   10
14-09-2023,         0  , 2023, September,           14,         257,           37,          0,                          289.8,                   11
15-09-2023,         0  , 2023, September,           15,         258,           37,          0,                          289.8,                   12
16-09-2023,         0  , 2023, September,           16,         259,           37,          0,                          289.8,                   13
17-09-2023,         0  , 2023, September,           17,         260,           38,          1,                          289.8,                   14
18-09-2023,         0  , 2023, September,           18,         261,           38,          0,                          289.8,                   15
19-09-2023,         0  , 2023, September,           19,         262,           38,          0,                          289.8,                   16
20-09-2023,         0  , 2023, September,           20,         263,           38,          0,                          289.8,                   17
21-09-2023,         0  , 2023, September,           21,         264,           38,          0,                          289.8,                   18
22-09-2023,         0  , 2023, September,           22,         265,           38,          0,                          289.8,                   19
23-09-2023,         0  , 2023, September,           23,         266,           38,          0,                          289.8,                   20
24-09-2023,         0  , 2023, September,           24,         267,           39,          1,                          289.8,                   21
25-09-2023,         0  , 2023, September,           25,         268,           39,          0,                          289.8,                   22
26-09-2023,         0  , 2023, September,           26,         269,           39,          0,                          289.8,                   23
27-09-2023,         0  , 2023, September,           27,         270,           39,          0,                          289.8,                   24
28-09-2023,         0  , 2023, September,           28,         271,           39,          0,                          289.8,                   25
29-09-2023,         0  , 2023, September,           29,         272,           39,          0,                          289.8,                   26
30-09-2023,         0  , 2023, September,           30,         273,           39,          0,                          289.8,                   27
01-06-2024,         0  , 2024, June     ,            1,         153,           22,          0,                            0  ,                    1
02-06-2024,         0  , 2024, June     ,            2,         154,           23,          1,                            0  ,                    2
03-06-2024,         0  , 2024, June     ,            3,         155,           23,          0,                            0  ,                    3
04-06-2024,         0  , 2024, June     ,            4,         156,           23,          0,                            0  ,                    4
05-06-2024,         0  , 2024, June     ,            5,         157,           23,          0,                            0  ,                    5
06-06-2024,         0  , 2024, June     ,            6,         158,           23,          0,                            0  ,                    6
07-06-2024,         0  , 2024, June     ,            7,         159,           23,          0,                            0  ,                    7
08-06-2024,         0  , 2024, June     ,            8,         160,           23,          0,                            0  ,                    8
09-06-2024,         0  , 2024, June     ,            9,         161,           24,          1,                            0  ,                    9
10-06-2024,         0  , 2024, June     ,           10,         162,           24,          0,                            0  ,                   10
11-06-2024,         0  , 2024, June     ,           11,         163,           24,          0,                            0  ,                   11
12-06-2024,         0  , 2024, June     ,           12,         164,           24,          0,                            0  ,                   12
13-06-2024,         0  , 2024, June     ,           13,         165,           24,          0,                            0  ,                   13
14-06-2024,         0  , 2024, June     ,           14,         166,           24,          0,                            0  ,                   14
15-06-2024,         0  , 2024, June     ,           15,         167,           24,          0,                            0  ,                   15
16-06-2024,         0  , 2024, June     ,           16,         168,           25,          1,                            0  ,                   16
17-06-2024,         0  , 2024, June     ,           17,         169,           25,          0,                            0  ,                   17
18-06-2024,         0  , 2024, June     ,           18,         170,           25,          0,                            0  ,                   18
19-06-2024,         0  , 2024, June     ,           19,         171,           25,          0,                            0  ,                   19
20-06-2024,         0  , 2024, June     ,           20,         172,           25,          0,                            0  ,                   20
21-06-2024,         0  , 2024, June     ,           21,         173,           25,          0,                            0  ,                   21
22-06-2024,         0  , 2024, June     ,           22,         174,           25,          0,                            0  ,                   22
23-06-2024,         0  , 2024, June     ,           23,         175,           26,          1,                            0  ,                   23
24-06-2024,         0  , 2024, June     ,           24,         176,           26,          0,                            0  ,                   24
25-06-2024,         0  , 2024, June     ,           25,         177,           26,          0,                            0  ,                   25
26-06-2024,         0  , 2024, June     ,           26,         178,           26,          0,                            0  ,                   26
27-06-2024,         0  , 2024, June     ,           27,         179,           26,          0,                            0  ,                   27
28-06-2024,       228.1, 2024, June     ,           28,         180,           26,          0,                          228.1,                    0
29-06-2024,        15.5, 2024, June     ,           29,         181,           26,          0,                          243.6,                    0
30-06-2024,         5.2, 2024, June     ,           30,         182,           27,          1,                          248.8,                    0
01-07-2024,        30.5, 2024, July     ,            1,         183,           27,          0,                          279.3,                    0
02-07-2024,        60.1, 2024, July     ,            2,         184,           27,          0,                          339.4,                    0
03-07-2024,        25.3, 2024, July     ,            3,         185,           27,          0,                          364.7,                    0
04-07-2024,         0  , 2024, July     ,            4,         186,           27,          0,                          364.7,                    1
05-07-2024,         0  , 2024, July     ,            5,         187,           27,          0,                          364.7,                    2
06-07-2024,         0  , 2024, July     ,            6,         188,           27,          0,                          364.7,                    3
07-07-2024,         0  , 2024, July     ,            7,         189,           28,          1,                          364.7,                    4
08-07-2024,         0  , 2024, July     ,            8,         190,           28,          0,                          364.7,                    5
09-07-2024,         0  , 2024, July     ,            9,         191,           28,          0,                          364.7,                    6
10-07-2024,         0  , 2024, July     ,           10,         192,           28,          0,                          364.7,                    7
11-07-2024,         0  , 2024, July     ,           11,         193,           28,          0,                          364.7,                    8
12-07-2024,         0  , 2024, July     ,           12,         194,           28,          0,                          364.7,                    9
13-07-2024,         0  , 2024, July     ,           13,         195,           28,          0,                          364.7,                   10
14-07-2024,         0  , 2024, July     ,           14,         196,           29,          1,                          364.7,                   11
15-07-2024,         0  , 2024, July     ,           15,         197,           29,          0,                          364.7,                   12
16-07-2024,         0  , 2024, July     ,           16,         198,           29,          0,                          364.7,                   13
17-07-2024,         0  , 2024, July     ,           17,         199,           29,          0,                          364.7,                   14
18-07-2024,         0  , 2024, July     ,           18,         200,           29,          0,                          364.7,                   15
19-07-2024,         0  , 2024, July     ,           19,         201,           29,          0,                          364.7,                   16
20-07-2024,         0  , 2024, July     ,           20,         202,           29,          0,                          364.7,                   17
21-07-2024,         0  , 2024, July     ,           21,         203,           30,          1,                          364.7,                   18
22-07-2024,         0  , 2024, July     ,           22,         204,           30,          0,                          364.7,                   19
23-07-2024,         0  , 2024, July     ,           23,         205,           30,          0,                          364.7,                   20
24-07-2024,         0  , 2024, July     ,           24,         206,           30,          0,                          364.7,                   21
25-07-2024,         0  , 2024, July     ,           25,         207,           30,          0,                          364.7,                   22
26-07-2024,         0  , 2024, July     ,           26,         208,           30,          0,                          364.7,                   23
27-07-2024,         0  , 2024, July     ,           27,         209,           30,          0,                          364.7,                   24
28-07-2024,         0  , 2024, July     ,           28,         210,           31,          1,                          364.7,                   25
29-07-2024,         0  , 2024, July     ,           29,         211,           31,          0,                          364.7,                   26
30-07-2024,         0  , 2024, July     ,           30,         212,           31,          0,                          364.7,                   27
31-07-2024,         0  , 2024, July     ,           31,         213,           31,          0,                          364.7,                   28
01-08-2024,        40  , 2024, August   ,            1,         214,           31,          0,                          404.7,                    0
02-08-2024,        80.1, 2024, August   ,            2,         215,           31,          0,                          484.8,                    0
03-08-2024,        30.5, 2024, August   ,            3,         216,           31,          0,                          515.3,                    0
04-08-2024,         0  , 2024, August   ,            4,         217,           32,          1,                          515.3,                    1
05-08-2024,         0  , 2024, August   ,            5,         218,           32,          0,                          515.3,                    2
06-08-2024,         0  , 2024, August   ,            6,         219,           32,          0,                          515.3,                    3
07-08-2024,         0  , 2024, August   ,            7,         220,           32,          0,                          515.3,                    4
08-08-2024,         0  , 2024, August   ,            8,         221,           32,          0,                          515.3,                    5
09-08-2024,         0  , 2024, August   ,            9,         222,           32,          0,                          515.3,                    6
10-08-2024,         0  , 2024, August   ,           10,         223,           32,          0,                          515.3,                    7
11-08-2024,         0  , 2024, August   ,           11,         224,           33,          1,                          515.3,                    8
12-08-2024,         0  , 2024, August   ,           12,         225,           33,          0,                          515.3,                    9
13-08-2024,         0  , 2024, August   ,           13,         226,           33,          0,                          515.3,                   10
14-08-2024,         0  , 2024, August   ,           14,         227,           33,          0,                          515.3,                   11
15-08-2024,         0  , 2024, August   ,           15,         228,           33,          0,                          515.3,                   12
16-08-2024,         0  , 2024, August   ,           16,         229,           33,          0,                          515.3,                   13
17-08-2024,         0  , 2024, August   ,           17,         230,           33,          0,                          515.3,                   14
18-08-2024,         0  , 2024, August   ,           18,         231,           34,          1,                          515.3,                   15
19-08-2024,         0  , 2024, August   ,           19,         232,           34,          0,                          515.3,                   16
20-08-2024,         0  , 2024, August   ,           20,         233,           34,          0,                          515.3,                   17
21-08-2024,         0  , 2024, August   ,           21,         234,           34,          0,                          515.3,                   18
22-08-2024,         0  , 2024, August   ,           22,         235,           34,          0,                          515.3,                   19
23-08-2024,         0  , 2024, August   ,           23,         236,           34,          0,                          515.3,                   20
24-08-2024,         0  , 2024, August   ,           24,         237,           34,          0,                          515.3,                   21
25-08-2024,         0  , 2024, August   ,           25,         238,           35,          1,                          515.3,                   22
26-08-2024,         0  , 2024, August   ,           26,         239,           35,          0,                          515.3,                   23
27-08-2024,         0  , 2024, August   ,           27,         240,           35,          0,                          515.3,                   24
28-08-2024,         0  , 2024, August   ,           28,         241,           35,          0,                          515.3,                   25
29-08-2024,         0  , 2024, August   ,           29,         242,           35,          0,                          515.3,                   26
30-08-2024,         0  , 2024, August   ,           30,         243,           35,          0,                          515.3,                   27
31-08-2024,         0  , 2024, August   ,           31,         244,           35,          0,                          515.3,                   28
01-09-2024,        60.2, 2024, September,            1,         245,           36,          1,                          575.5,                    0
02-09-2024,       120.1, 2024, September,            2,         246,           36,          0,                          695.6,                    0
03-09-2024,        45.3, 2024, September,            3,         247,           36,          0,                          740.9,                    0
04-09-2024,         0  , 2024, September,            4,         248,           36,          0,                          740.9,                    1
05-09-2024,         0  , 2024, September,            5,         249,           36,          0,                          740.9,                    2
06-09-2024,         0  , 2024, September,            6,         250,           36,          0,                          740.9,                    3
07-09-2024,         0  , 2024, September,            7,         251,           36,          0,                          740.9,                    4
08-09-2024,         0  , 2024, September,            8,         252,           37,          1,                          740.9,                    5
09-09-2024,         0  , 2024, September,            9,         253,           37,          0,                          740.9,                    6
10-09-2024,         0  , 2024, September,           10,         254,           37,          0,                          740.9,                    7
11-09-2024,         0  , 2024, September,           11,         255,           37,          0,                          740.9,                    8
12-09-2024,         0  , 2024, September,           12,         256,           37,          0,                          740.9,                    9
13-09-2024,         0  , 2024, September,           13,         257,           37,          0,                          740.9,                   10
14-09-2024,         0  , 2024, September,           14,         258,           37,          0,                          740.9,                   11
15-09-2024,         0  , 2024, September,           15,         259,           38,          1,                          740.9,                   12
16-09-2024,         0  , 2024, September,           16,         260,           38,          0,                          740.9,                   13
17-09-2024,         0  , 2024, September,           17,         261,           38,          0,                          740.9,                   14
18-09-2024,         0  , 2024, September,           18,         262,           38,          0,                          740.9,                   15
19-09-2024,         0  , 2024, September,           19,         263,           38,          0,                          740.9,                   16
20-09-2024,         0  , 2024, September,           20,         264,           38,          0,                          740.9,                   17
21-09-2024,         0  , 2024, September,           21,         265,           38,          0,                          740.9,                   18
22-09-2024,         0  , 2024, September,           22,         266,           39,          1,                          740.9,                   19
23-09-2024,         0  , 2024, September,           23,         267,           39,          0,                          740.9,                   20
24-09-2024,         0  , 2024, September,           24,         268,           39,          0,                          740.9,                   21
25-09-2024,         0  , 2024, September,           25,         269,           39,          0,                          740.9,                   22
26-09-2024,         0  , 2024, September,           26,         270,           39,          0,                          740.9,                   23
27-09-2024,         0  , 2024, September,           27,         271,           39,          0,                          740.9,                   24
28-09-2024,         0  , 2024, September,           28,         272,           39,          0,                          740.9,                   25
29-09-2024,         0  , 2024, September,           29,         273,           40,          1,                          740.9,                   26
30-09-2024,         0  , 2024, September,           30,         274,           40,          0,                          740.9,                   27
